-- phpMyAdmin SQL Dump
-- version 4.7.4
-- https://www.phpmyadmin.net/
--
-- Host: 127.0.0.1
-- Generation Time: Feb 26, 2018 at 02:55 PM
-- Server version: 10.1.30-MariaDB
-- PHP Version: 7.0.27

SET SQL_MODE = "NO_AUTO_VALUE_ON_ZERO";
SET AUTOCOMMIT = 0;
START TRANSACTION;
SET time_zone = "+00:00";


/*!40101 SET @OLD_CHARACTER_SET_CLIENT=@@CHARACTER_SET_CLIENT */;
/*!40101 SET @OLD_CHARACTER_SET_RESULTS=@@CHARACTER_SET_RESULTS */;
/*!40101 SET @OLD_COLLATION_CONNECTION=@@COLLATION_CONNECTION */;
/*!40101 SET NAMES utf8mb4 */;

--
-- Database: `poss`
--

-- --------------------------------------------------------

--
-- Table structure for table `customers`
--

CREATE TABLE `customers` (
  `id` int(10) UNSIGNED NOT NULL,
  `name` varchar(100) COLLATE utf8_unicode_ci NOT NULL,
  `email` varchar(30) COLLATE utf8_unicode_ci NOT NULL,
  `phone_number` varchar(20) COLLATE utf8_unicode_ci NOT NULL,
  `avatar` varchar(255) COLLATE utf8_unicode_ci NOT NULL DEFAULT 'no-foto.png',
  `address` varchar(255) COLLATE utf8_unicode_ci NOT NULL,
  `city` varchar(20) COLLATE utf8_unicode_ci NOT NULL,
  `state` varchar(30) COLLATE utf8_unicode_ci NOT NULL,
  `zip` varchar(10) COLLATE utf8_unicode_ci NOT NULL,
  `comment` varchar(255) COLLATE utf8_unicode_ci NOT NULL,
  `company_name` varchar(100) COLLATE utf8_unicode_ci NOT NULL,
  `account` varchar(20) COLLATE utf8_unicode_ci NOT NULL,
  `created_at` timestamp NOT NULL DEFAULT '0000-00-00 00:00:00',
  `updated_at` timestamp NOT NULL DEFAULT '0000-00-00 00:00:00'
) ENGINE=InnoDB DEFAULT CHARSET=utf8 COLLATE=utf8_unicode_ci;

--
-- Dumping data for table `customers`
--

INSERT INTO `customers` (`id`, `name`, `email`, `phone_number`, `avatar`, `address`, `city`, `state`, `zip`, `comment`, `company_name`, `account`, `created_at`, `updated_at`) VALUES
(1, 'Walk-In Customer', '', '', 'no-foto.png', '', '', '', '', '', '', '', '2018-01-10 06:09:50', '2018-01-24 05:26:42'),
(3, 'Online Customer', '', '', 'no-foto.png', '', '', '', '', '', '', '', '2018-01-24 05:26:51', '2018-01-24 05:26:51'),
(6, 'Ongosri Tailars ', '', '', 'no-foto.png', '', '', '', '', '', 'Twiss Rahian ', '', '2018-01-31 04:01:11', '2018-01-31 04:01:11'),
(7, 'Si Sharif', '', '01765555099', 'no-foto.png', 'Zindabazar', '', '', '', '', '', '', '2018-02-06 08:38:22', '2018-02-06 08:38:22'),
(8, 'Robiul islam', '', '01515616665', 'no-foto.png', '', '', '', '', '', '', '', '2018-02-07 07:47:33', '2018-02-07 07:47:33'),
(9, 'Md. shabuddin', '', '01739753702', 'no-foto.png', '', '', '', '', '', '', '', '2018-02-07 07:48:12', '2018-02-07 07:48:12'),
(10, 'Shafiul Alom', '', '01837063699', 'no-foto.png', '', '', '', '', '', '', '', '2018-02-07 07:48:47', '2018-02-07 07:48:47'),
(11, 'Muhaminul Hoq', '', '01765139730', 'no-foto.png', '', '', '', '', '', '', '', '2018-02-12 06:24:26', '2018-02-12 06:24:26'),
(12, 'Mr.Mohsin', '', '01914206943', 'no-foto.png', 'Shahi idgah', 'sylhet', '', '', '', '', '', '2018-02-25 09:43:29', '2018-02-25 09:43:29'),
(13, 'Abu Ashraf Jabed', 'aajabed@gmail.com', '01715607744', 'cus13.jpg', '', '', '', '', '', '', '', '2018-02-26 00:43:31', '2018-02-26 00:43:31'),
(14, 'Saifur Rahman(Jabeds Cousin)', '', '01726786115', 'no-foto.png', 'House: 28, Road: 22,Block: B, Shahjalal Uposhahar Sylhet', 'Sylhet', 'Sylhet', '3100', '', '', '', '2018-02-26 01:18:12', '2018-02-26 01:23:21');

-- --------------------------------------------------------

--
-- Table structure for table `discount`
--

CREATE TABLE `discount` (
  `id` int(10) UNSIGNED NOT NULL,
  `sale_id` int(10) UNSIGNED NOT NULL,
  `item_id` int(10) UNSIGNED NOT NULL,
  `cost_price` decimal(15,2) NOT NULL,
  `selling_price` decimal(15,2) NOT NULL,
  `quantity` int(11) NOT NULL,
  `total_cost` decimal(15,2) NOT NULL,
  `total_selling` decimal(15,2) NOT NULL,
  `created_at` timestamp NOT NULL DEFAULT '0000-00-00 00:00:00',
  `updated_at` timestamp NOT NULL DEFAULT '0000-00-00 00:00:00'
) ENGINE=InnoDB DEFAULT CHARSET=utf8 COLLATE=utf8_unicode_ci;

-- --------------------------------------------------------

--
-- Table structure for table `expense`
--

CREATE TABLE `expense` (
  `id` int(10) UNSIGNED NOT NULL,
  `title` varchar(255) COLLATE utf8_unicode_ci NOT NULL,
  `price` float NOT NULL,
  `created_at` timestamp NOT NULL DEFAULT '0000-00-00 00:00:00',
  `updated_at` timestamp NOT NULL DEFAULT '0000-00-00 00:00:00',
  `type` int(11) NOT NULL DEFAULT '0'
) ENGINE=InnoDB DEFAULT CHARSET=utf8 COLLATE=utf8_unicode_ci;

--
-- Dumping data for table `expense`
--

INSERT INTO `expense` (`id`, `title`, `price`, `created_at`, `updated_at`, `type`) VALUES
(1, 'nasta', 200, '2018-02-04 07:59:35', '2018-02-04 07:59:35', 0),
(2, 'printer roll', 170, '2018-02-04 08:00:03', '2018-02-04 08:00:03', 0),
(3, 'mubin take money', 500, '2018-02-04 08:00:27', '2018-02-04 08:00:27', 0),
(4, 'Nasta Mobin Sar', 120, '2018-02-05 07:24:32', '2018-02-05 07:24:32', 0),
(5, 'nasta Robi', 30, '2018-02-06 03:14:34', '2018-02-06 03:14:34', 0),
(6, 'Robi Ca', 10, '2018-02-11 00:23:47', '2018-02-11 00:23:47', 0),
(7, 'Mubin vai from cash', 500, '2018-02-18 09:45:05', '2018-02-18 09:45:05', 0),
(8, 'Robiul Miah ', 40, '2018-02-20 05:16:27', '2018-02-20 05:16:27', 0),
(9, 'Sundarban_sunamgong persel Polin vai bill via bkash 3400', 150, '2018-02-22 06:52:02', '2018-02-22 06:52:02', 0),
(10, 'rabar,bisq,tea', 50, '2018-02-22 07:01:59', '2018-02-22 07:01:59', 0);

-- --------------------------------------------------------

--
-- Table structure for table `inventories`
--

CREATE TABLE `inventories` (
  `id` int(10) UNSIGNED NOT NULL,
  `item_id` int(10) UNSIGNED NOT NULL,
  `user_id` int(10) UNSIGNED NOT NULL,
  `in_out_qty` int(11) NOT NULL,
  `remarks` varchar(255) COLLATE utf8_unicode_ci NOT NULL,
  `created_at` timestamp NOT NULL DEFAULT '0000-00-00 00:00:00',
  `updated_at` timestamp NOT NULL DEFAULT '0000-00-00 00:00:00'
) ENGINE=InnoDB DEFAULT CHARSET=utf8 COLLATE=utf8_unicode_ci;

--
-- Dumping data for table `inventories`
--

INSERT INTO `inventories` (`id`, `item_id`, `user_id`, `in_out_qty`, `remarks`, `created_at`, `updated_at`) VALUES
(1, 1, 2, 2, 'Manual Edit of Quantity', '2018-01-29 07:20:56', '2018-01-29 07:20:56'),
(2, 2, 2, 5, 'Manual Edit of Quantity', '2018-01-29 07:22:56', '2018-01-29 07:22:56'),
(3, 2, 2, 5, 'RECV1', '2018-01-29 07:23:46', '2018-01-29 07:23:46'),
(4, 1, 2, 2, 'RECV2', '2018-01-29 07:24:54', '2018-01-29 07:24:54'),
(5, 2, 2, 7, 'RECV2', '2018-01-29 07:24:54', '2018-01-29 07:24:54'),
(6, 2, 2, 10, 'RECV3', '2018-01-29 07:27:33', '2018-01-29 07:27:33'),
(7, 3, 2, 2, 'Manual Edit of Quantity', '2018-01-29 07:32:42', '2018-01-29 07:32:42'),
(8, 4, 2, 16, 'Manual Edit of Quantity', '2018-01-29 07:38:57', '2018-01-29 07:38:57'),
(9, 4, 2, 16, 'RECV4', '2018-01-29 07:41:36', '2018-01-29 07:41:36'),
(10, 4, 2, -3, 'SALE1', '2018-01-29 07:44:07', '2018-01-29 07:44:07'),
(11, 3, 2, 1, 'RECV5', '2018-01-29 07:45:39', '2018-01-29 07:45:39'),
(12, 4, 3, -1, 'SALE2', '2018-01-29 07:50:46', '2018-01-29 07:50:46'),
(13, 3, 3, -2, 'SALE5', '2018-01-29 07:54:30', '2018-01-29 07:54:30'),
(14, 1, 3, -2, 'SALE6', '2018-01-29 07:56:03', '2018-01-29 07:56:03'),
(15, 2, 2, -22, 'Manual Edit of Quantity', '2018-01-29 08:10:33', '2018-01-29 08:10:33'),
(16, 5, 2, 5, 'Manual Edit of Quantity', '2018-01-29 08:12:25', '2018-01-29 08:12:25'),
(17, 6, 2, 4, 'Manual Edit of Quantity', '2018-01-29 08:13:20', '2018-01-29 08:13:20'),
(18, 7, 2, 5, 'Manual Edit of Quantity', '2018-01-29 08:16:00', '2018-01-29 08:16:00'),
(19, 7, 2, -2, 'SALE7', '2018-01-29 08:19:09', '2018-01-29 08:19:09'),
(20, 7, 2, 3, 'RECV6', '2018-01-29 08:21:03', '2018-01-29 08:21:03'),
(21, 8, 2, 5, 'Manual Edit of Quantity', '2018-01-29 08:26:06', '2018-01-29 08:26:06'),
(22, 9, 2, 2, 'Manual Edit of Quantity', '2018-01-29 08:34:10', '2018-01-29 08:34:10'),
(23, 4, 2, 0, 'Manual Edit of Quantity', '2018-01-29 08:38:04', '2018-01-29 08:38:04'),
(24, 4, 2, 0, 'Manual Edit of Quantity', '2018-01-29 08:39:45', '2018-01-29 08:39:45'),
(25, 9, 2, -1, 'SALE8', '2018-01-29 08:39:55', '2018-01-29 08:39:55'),
(26, 4, 2, -1, 'SALE8', '2018-01-29 08:39:55', '2018-01-29 08:39:55'),
(27, 1, 3, -1, 'SALE9', '2018-01-31 02:17:41', '2018-01-31 02:17:41'),
(28, 6, 3, -1, 'SALE14', '2018-01-31 04:04:45', '2018-01-31 04:04:45'),
(29, 3, 3, -5, 'SALE15', '2018-01-31 04:05:36', '2018-01-31 04:05:36'),
(30, 4, 3, -1, 'SALE22', '2018-01-31 04:07:18', '2018-01-31 04:07:18'),
(31, 4, 2, -3, 'Manual Edit of Quantity', '2018-01-31 08:29:12', '2018-01-31 08:29:12'),
(32, 10, 2, 11, 'Manual Edit of Quantity', '2018-01-31 08:31:26', '2018-01-31 08:31:26'),
(33, 1, 2, 1, 'Manual Edit of Quantity', '2018-01-31 08:34:53', '2018-01-31 08:34:53'),
(34, 3, 2, 7, 'Manual Edit of Quantity', '2018-01-31 08:35:27', '2018-01-31 08:35:27'),
(35, 4, 2, 0, 'Manual Edit of Quantity', '2018-01-31 08:38:23', '2018-01-31 08:38:23'),
(36, 4, 2, -2, 'SALE25', '2018-01-31 08:41:43', '2018-01-31 08:41:43'),
(37, 4, 2, -1, 'SALE26', '2018-01-31 08:45:01', '2018-01-31 08:45:01'),
(38, 4, 2, -1, 'SALE27', '2018-01-31 09:57:00', '2018-01-31 09:57:00'),
(39, 4, 2, -1, 'SALE28', '2018-01-31 10:03:01', '2018-01-31 10:03:01'),
(40, 2, 3, -1, 'SALE29', '2018-02-01 04:08:19', '2018-02-01 04:08:19'),
(41, 2, 3, -1, 'SALE30', '2018-02-01 04:18:09', '2018-02-01 04:18:09'),
(42, 5, 3, -3, 'SALE31', '2018-02-01 05:35:31', '2018-02-01 05:35:31'),
(43, 3, 3, -50, 'SALE33', '2018-02-03 00:27:07', '2018-02-03 00:27:07'),
(44, 2, 3, -3, 'SALE34', '2018-02-03 05:09:32', '2018-02-03 05:09:32'),
(45, 5, 2, -2, 'SALE36', '2018-02-04 07:38:12', '2018-02-04 07:38:12'),
(46, 7, 2, -3, 'SALE36', '2018-02-04 07:38:12', '2018-02-04 07:38:12'),
(47, 7, 2, -3, 'SALE37', '2018-02-04 07:52:55', '2018-02-04 07:52:55'),
(48, 5, 2, -2, 'SALE37', '2018-02-04 07:52:55', '2018-02-04 07:52:55'),
(49, 1, 2, 3, '', '2018-02-04 08:08:44', '2018-02-04 08:08:44'),
(50, 1, 2, -3, '', '2018-02-04 08:08:53', '2018-02-04 08:08:53'),
(51, 2, 2, 10, '', '2018-02-04 08:09:04', '2018-02-04 08:09:04'),
(52, 3, 2, 10, '', '2018-02-04 08:09:13', '2018-02-04 08:09:13'),
(53, 3, 2, 40, '', '2018-02-04 08:09:22', '2018-02-04 08:09:22'),
(54, 3, 2, 5, '', '2018-02-04 08:09:26', '2018-02-04 08:09:26'),
(55, 5, 2, 10, '', '2018-02-04 08:09:37', '2018-02-04 08:09:37'),
(56, 7, 2, 5, '', '2018-02-04 08:09:46', '2018-02-04 08:09:46'),
(57, 4, 2, -1, 'SALE1', '2018-02-04 08:14:49', '2018-02-04 08:14:49'),
(58, 11, 2, 2, 'Manual Edit of Quantity', '2018-02-04 08:34:52', '2018-02-04 08:34:52'),
(59, 11, 2, -1, 'SALE2', '2018-02-04 08:35:17', '2018-02-04 08:35:17'),
(60, 12, 2, 9, 'Manual Edit of Quantity', '2018-02-04 08:51:07', '2018-02-04 08:51:07'),
(61, 13, 2, 2, 'Manual Edit of Quantity', '2018-02-04 08:51:43', '2018-02-04 08:51:43'),
(62, 14, 2, 8, 'Manual Edit of Quantity', '2018-02-04 08:57:23', '2018-02-04 08:57:23'),
(63, 2, 3, -1, 'SALE3', '2018-02-05 02:15:24', '2018-02-05 02:15:24'),
(64, 1, 3, -1, 'SALE4', '2018-02-05 02:16:22', '2018-02-05 02:16:22'),
(65, 15, 2, 100, 'Manual Edit of Quantity', '2018-02-05 06:19:41', '2018-02-05 06:19:41'),
(66, 16, 2, 2, 'Manual Edit of Quantity', '2018-02-05 06:21:20', '2018-02-05 06:21:20'),
(67, 17, 2, 1, 'Manual Edit of Quantity', '2018-02-05 06:22:28', '2018-02-05 06:22:28'),
(68, 18, 2, 1, 'Manual Edit of Quantity', '2018-02-05 06:27:28', '2018-02-05 06:27:28'),
(69, 18, 2, 0, 'Manual Edit of Quantity', '2018-02-05 06:29:07', '2018-02-05 06:29:07'),
(70, 19, 2, 100, 'Manual Edit of Quantity', '2018-02-05 06:29:52', '2018-02-05 06:29:52'),
(71, 20, 2, 3, 'Manual Edit of Quantity', '2018-02-05 06:36:04', '2018-02-05 06:36:04'),
(72, 21, 2, 4, 'Manual Edit of Quantity', '2018-02-05 06:37:35', '2018-02-05 06:37:35'),
(73, 22, 2, 3, 'Manual Edit of Quantity', '2018-02-05 06:38:47', '2018-02-05 06:38:47'),
(74, 23, 2, 100, 'Manual Edit of Quantity', '2018-02-05 06:40:03', '2018-02-05 06:40:03'),
(75, 24, 2, 100, 'Manual Edit of Quantity', '2018-02-05 06:40:24', '2018-02-05 06:40:24'),
(76, 25, 2, 100, 'Manual Edit of Quantity', '2018-02-05 06:40:48', '2018-02-05 06:40:48'),
(77, 26, 2, 2, 'Manual Edit of Quantity', '2018-02-05 06:41:57', '2018-02-05 06:41:57'),
(78, 27, 2, 1, 'Manual Edit of Quantity', '2018-02-05 06:42:50', '2018-02-05 06:42:50'),
(79, 28, 2, 2, 'Manual Edit of Quantity', '2018-02-05 06:43:50', '2018-02-05 06:43:50'),
(80, 29, 2, 5, 'Manual Edit of Quantity', '2018-02-05 07:03:51', '2018-02-05 07:03:51'),
(81, 30, 2, 5, 'Manual Edit of Quantity', '2018-02-05 07:05:02', '2018-02-05 07:05:02'),
(82, 31, 2, 4, 'Manual Edit of Quantity', '2018-02-05 07:12:22', '2018-02-05 07:12:22'),
(84, 33, 2, 10, 'Manual Edit of Quantity', '2018-02-05 07:15:39', '2018-02-05 07:15:39'),
(85, 34, 2, 5, 'Manual Edit of Quantity', '2018-02-05 07:21:58', '2018-02-05 07:21:58'),
(86, 34, 2, -1, 'SALE5', '2018-02-05 07:22:23', '2018-02-05 07:22:23'),
(87, 34, 2, -1, 'SALE6', '2018-02-05 07:25:03', '2018-02-05 07:25:03'),
(88, 31, 3, -1, 'SALE7', '2018-02-06 03:13:50', '2018-02-06 03:13:50'),
(89, 35, 2, 4, 'Manual Edit of Quantity', '2018-02-06 04:59:14', '2018-02-06 04:59:14'),
(90, 35, 3, -1, 'SALE8', '2018-02-06 05:00:30', '2018-02-06 05:00:30'),
(91, 12, 3, -2, 'SALE8', '2018-02-06 05:00:30', '2018-02-06 05:00:30'),
(92, 2, 2, -5, 'Manual Edit of Quantity', '2018-02-06 05:21:42', '2018-02-06 05:21:42'),
(93, 1, 2, 1, 'Manual Edit of Quantity', '2018-02-06 05:23:11', '2018-02-06 05:23:11'),
(94, 3, 2, -5, 'Manual Edit of Quantity', '2018-02-06 05:24:06', '2018-02-06 05:24:06'),
(95, 5, 2, -3, 'Manual Edit of Quantity', '2018-02-06 05:25:58', '2018-02-06 05:25:58'),
(96, 11, 2, 1, 'Manual Edit of Quantity', '2018-02-06 05:28:37', '2018-02-06 05:28:37'),
(97, 31, 2, 1, 'Manual Edit of Quantity', '2018-02-06 05:33:23', '2018-02-06 05:33:23'),
(98, 35, 2, -2, 'Manual Edit of Quantity', '2018-02-06 05:34:06', '2018-02-06 05:34:06'),
(99, 12, 2, -1, 'SALE9', '2018-02-06 05:34:58', '2018-02-06 05:34:58'),
(100, 36, 2, 14, 'Manual Edit of Quantity', '2018-02-06 05:43:01', '2018-02-06 05:43:01'),
(101, 37, 2, 5, 'Manual Edit of Quantity', '2018-02-06 05:44:42', '2018-02-06 05:44:42'),
(102, 38, 2, 5, 'Manual Edit of Quantity', '2018-02-06 05:49:30', '2018-02-06 05:49:30'),
(103, 39, 2, 2, 'Manual Edit of Quantity', '2018-02-06 06:26:21', '2018-02-06 06:26:21'),
(104, 39, 2, -1, 'SALE10', '2018-02-06 06:30:33', '2018-02-06 06:30:33'),
(105, 36, 2, -1, 'SALE10', '2018-02-06 06:30:33', '2018-02-06 06:30:33'),
(106, 38, 2, -2, 'SALE10', '2018-02-06 06:30:33', '2018-02-06 06:30:33'),
(107, 40, 2, 5, 'Manual Edit of Quantity', '2018-02-06 07:05:26', '2018-02-06 07:05:26'),
(108, 36, 2, 1, 'Manual Edit of Quantity', '2018-02-06 07:06:30', '2018-02-06 07:06:30'),
(109, 36, 2, -1, 'SALE11', '2018-02-06 07:07:50', '2018-02-06 07:07:50'),
(110, 40, 2, -1, 'SALE11', '2018-02-06 07:07:50', '2018-02-06 07:07:50'),
(111, 23, 2, -96, 'Manual Edit of Quantity', '2018-02-06 07:14:32', '2018-02-06 07:14:32'),
(112, 24, 2, -96, 'Manual Edit of Quantity', '2018-02-06 07:15:16', '2018-02-06 07:15:16'),
(113, 25, 2, -99, 'Manual Edit of Quantity', '2018-02-06 07:16:01', '2018-02-06 07:16:01'),
(114, 41, 2, 6, 'Manual Edit of Quantity', '2018-02-06 07:22:16', '2018-02-06 07:22:16'),
(115, 42, 2, 3, 'Manual Edit of Quantity', '2018-02-06 07:24:50', '2018-02-06 07:24:50'),
(116, 43, 2, 2, 'Manual Edit of Quantity', '2018-02-06 07:26:48', '2018-02-06 07:26:48'),
(117, 44, 2, 1, 'Manual Edit of Quantity', '2018-02-06 07:27:30', '2018-02-06 07:27:30'),
(118, 45, 2, 1, 'Manual Edit of Quantity', '2018-02-06 07:28:05', '2018-02-06 07:28:05'),
(119, 26, 2, 0, 'Manual Edit of Quantity', '2018-02-06 07:31:38', '2018-02-06 07:31:38'),
(120, 30, 2, -3, 'Manual Edit of Quantity', '2018-02-06 07:33:15', '2018-02-06 07:33:15'),
(121, 19, 2, -98, 'Manual Edit of Quantity', '2018-02-06 07:33:48', '2018-02-06 07:33:48'),
(122, 17, 2, 0, 'Manual Edit of Quantity', '2018-02-06 07:34:51', '2018-02-06 07:34:51'),
(123, 17, 2, 0, 'Manual Edit of Quantity', '2018-02-06 07:35:21', '2018-02-06 07:35:21'),
(124, 14, 2, 0, 'Manual Edit of Quantity', '2018-02-06 07:37:28', '2018-02-06 07:37:28'),
(125, 14, 2, 0, 'Manual Edit of Quantity', '2018-02-06 07:38:35', '2018-02-06 07:38:35'),
(126, 27, 2, 0, 'Manual Edit of Quantity', '2018-02-06 07:40:34', '2018-02-06 07:40:34'),
(127, 46, 2, 4, 'Manual Edit of Quantity', '2018-02-06 07:44:22', '2018-02-06 07:44:22'),
(128, 47, 2, 2, 'Manual Edit of Quantity', '2018-02-06 07:45:48', '2018-02-06 07:45:48'),
(129, 48, 2, 3, 'Manual Edit of Quantity', '2018-02-06 07:49:43', '2018-02-06 07:49:43'),
(130, 42, 2, 0, 'Manual Edit of Quantity', '2018-02-06 07:51:17', '2018-02-06 07:51:17'),
(131, 43, 2, 0, 'Manual Edit of Quantity', '2018-02-06 07:51:34', '2018-02-06 07:51:34'),
(132, 49, 2, 2, 'Manual Edit of Quantity', '2018-02-06 07:53:50', '2018-02-06 07:53:50'),
(133, 50, 2, 4, 'Manual Edit of Quantity', '2018-02-06 08:20:11', '2018-02-06 08:20:11'),
(134, 51, 2, 5, 'Manual Edit of Quantity', '2018-02-06 08:22:40', '2018-02-06 08:22:40'),
(135, 52, 2, 4, 'Manual Edit of Quantity', '2018-02-06 08:31:53', '2018-02-06 08:31:53'),
(136, 34, 2, -1, 'SALE12', '2018-02-06 08:35:38', '2018-02-06 08:35:38'),
(137, 53, 2, 10, 'Manual Edit of Quantity', '2018-02-07 06:29:11', '2018-02-07 06:29:11'),
(138, 34, 2, -1, 'SALE13', '2018-02-07 06:36:39', '2018-02-07 06:36:39'),
(139, 53, 2, -1, 'SALE13', '2018-02-07 06:36:39', '2018-02-07 06:36:39'),
(140, 4, 2, -1, 'SALE14', '2018-02-07 07:24:32', '2018-02-07 07:24:32'),
(141, 15, 2, -1, 'SALE14', '2018-02-07 07:24:32', '2018-02-07 07:24:32'),
(142, 16, 2, -1, 'SALE15', '2018-02-07 07:38:21', '2018-02-07 07:38:21'),
(143, 36, 2, -1, 'SALE15', '2018-02-07 07:38:21', '2018-02-07 07:38:21'),
(144, 54, 2, 2, 'Manual Edit of Quantity', '2018-02-11 09:07:16', '2018-02-11 09:07:16'),
(145, 55, 2, 2, 'Manual Edit of Quantity', '2018-02-11 09:10:01', '2018-02-11 09:10:01'),
(146, 56, 2, 2, 'Manual Edit of Quantity', '2018-02-11 09:10:49', '2018-02-11 09:10:49'),
(147, 57, 2, 1, 'Manual Edit of Quantity', '2018-02-11 09:20:47', '2018-02-11 09:20:47'),
(148, 58, 2, 1, 'Manual Edit of Quantity', '2018-02-11 09:22:03', '2018-02-11 09:22:03'),
(149, 59, 2, 2, 'Manual Edit of Quantity', '2018-02-11 09:22:35', '2018-02-11 09:22:35'),
(150, 60, 2, 2, 'Manual Edit of Quantity', '2018-02-11 09:23:06', '2018-02-11 09:23:06'),
(151, 61, 2, 3, 'Manual Edit of Quantity', '2018-02-11 09:23:38', '2018-02-11 09:23:38'),
(152, 62, 2, 3, 'Manual Edit of Quantity', '2018-02-11 09:24:30', '2018-02-11 09:24:30'),
(153, 63, 2, 3, 'Manual Edit of Quantity', '2018-02-11 09:24:57', '2018-02-11 09:24:57'),
(154, 64, 2, 1, 'Manual Edit of Quantity', '2018-02-11 09:27:05', '2018-02-11 09:27:05'),
(155, 65, 2, 2, 'Manual Edit of Quantity', '2018-02-11 09:27:29', '2018-02-11 09:27:29'),
(156, 66, 2, 1, 'Manual Edit of Quantity', '2018-02-11 09:28:15', '2018-02-11 09:28:15'),
(157, 67, 2, 2, 'Manual Edit of Quantity', '2018-02-11 09:29:24', '2018-02-11 09:29:24'),
(158, 68, 2, 4, 'Manual Edit of Quantity', '2018-02-11 09:30:12', '2018-02-11 09:30:12'),
(159, 69, 2, 2, 'Manual Edit of Quantity', '2018-02-11 09:31:11', '2018-02-11 09:31:11'),
(160, 70, 2, 2, 'Manual Edit of Quantity', '2018-02-11 09:31:42', '2018-02-11 09:31:42'),
(161, 71, 2, 2, 'Manual Edit of Quantity', '2018-02-11 09:33:06', '2018-02-11 09:33:06'),
(162, 72, 2, 1, 'Manual Edit of Quantity', '2018-02-11 09:33:43', '2018-02-11 09:33:43'),
(163, 73, 2, 2, 'Manual Edit of Quantity', '2018-02-11 09:34:16', '2018-02-11 09:34:16'),
(164, 74, 2, 1, 'Manual Edit of Quantity', '2018-02-11 09:37:31', '2018-02-11 09:37:31'),
(165, 75, 2, 2, 'Manual Edit of Quantity', '2018-02-11 09:38:17', '2018-02-11 09:38:17'),
(166, 76, 2, 3, 'Manual Edit of Quantity', '2018-02-11 09:39:29', '2018-02-11 09:39:29'),
(167, 77, 2, 1, 'Manual Edit of Quantity', '2018-02-11 09:40:05', '2018-02-11 09:40:05'),
(168, 78, 2, 1, 'Manual Edit of Quantity', '2018-02-11 09:41:18', '2018-02-11 09:41:18'),
(169, 79, 2, 1, 'Manual Edit of Quantity', '2018-02-11 09:41:52', '2018-02-11 09:41:52'),
(170, 80, 2, 1, 'Manual Edit of Quantity', '2018-02-11 09:42:34', '2018-02-11 09:42:34'),
(171, 81, 2, 1, 'Manual Edit of Quantity', '2018-02-11 09:44:13', '2018-02-11 09:44:13'),
(172, 82, 2, 1, 'Manual Edit of Quantity', '2018-02-11 09:44:52', '2018-02-11 09:44:52'),
(173, 83, 2, 2, 'Manual Edit of Quantity', '2018-02-11 09:45:39', '2018-02-11 09:45:39'),
(174, 84, 2, 2, 'Manual Edit of Quantity', '2018-02-11 09:46:40', '2018-02-11 09:46:40'),
(175, 85, 2, 2, 'Manual Edit of Quantity', '2018-02-11 09:47:25', '2018-02-11 09:47:25'),
(176, 86, 2, 1, 'Manual Edit of Quantity', '2018-02-11 09:48:06', '2018-02-11 09:48:06'),
(177, 87, 2, 1, 'Manual Edit of Quantity', '2018-02-11 09:48:39', '2018-02-11 09:48:39'),
(178, 88, 2, 2, 'Manual Edit of Quantity', '2018-02-11 09:49:36', '2018-02-11 09:49:36'),
(179, 89, 2, 1, 'Manual Edit of Quantity', '2018-02-11 09:50:42', '2018-02-11 09:50:42'),
(180, 90, 2, 1, 'Manual Edit of Quantity', '2018-02-11 09:51:20', '2018-02-11 09:51:20'),
(181, 91, 2, 1, 'Manual Edit of Quantity', '2018-02-11 09:51:50', '2018-02-11 09:51:50'),
(182, 92, 2, 1, 'Manual Edit of Quantity', '2018-02-11 09:52:26', '2018-02-11 09:52:26'),
(183, 93, 2, 1, 'Manual Edit of Quantity', '2018-02-11 09:53:09', '2018-02-11 09:53:09'),
(184, 94, 2, 1, 'Manual Edit of Quantity', '2018-02-11 09:53:44', '2018-02-11 09:53:44'),
(185, 95, 2, 1, 'Manual Edit of Quantity', '2018-02-11 09:54:14', '2018-02-11 09:54:14'),
(186, 96, 2, 1, 'Manual Edit of Quantity', '2018-02-11 09:54:37', '2018-02-11 09:54:37'),
(187, 97, 2, 1, 'Manual Edit of Quantity', '2018-02-11 09:55:23', '2018-02-11 09:55:23'),
(188, 98, 2, 1, 'Manual Edit of Quantity', '2018-02-11 09:55:48', '2018-02-11 09:55:48'),
(189, 15, 3, -1, 'SALE17', '2018-02-12 05:47:15', '2018-02-12 05:47:15'),
(190, 36, 3, -1, 'SALE18', '2018-02-12 06:22:33', '2018-02-12 06:22:33'),
(191, 15, 3, -1, 'SALE19', '2018-02-12 06:37:39', '2018-02-12 06:37:39'),
(192, 99, 2, 6, 'Manual Edit of Quantity', '2018-02-13 05:50:37', '2018-02-13 05:50:37'),
(193, 100, 2, 1, 'Manual Edit of Quantity', '2018-02-13 06:23:33', '2018-02-13 06:23:33'),
(194, 101, 2, 1, 'Manual Edit of Quantity', '2018-02-13 06:24:24', '2018-02-13 06:24:24'),
(195, 102, 2, 2, 'Manual Edit of Quantity', '2018-02-13 06:41:52', '2018-02-13 06:41:52'),
(196, 103, 2, 2, 'Manual Edit of Quantity', '2018-02-13 06:43:44', '2018-02-13 06:43:44'),
(197, 104, 2, 1, 'Manual Edit of Quantity', '2018-02-13 06:47:16', '2018-02-13 06:47:16'),
(198, 105, 2, 2, 'Manual Edit of Quantity', '2018-02-13 06:54:55', '2018-02-13 06:54:55'),
(199, 106, 2, 2, 'Manual Edit of Quantity', '2018-02-13 06:56:29', '2018-02-13 06:56:29'),
(200, 107, 2, 1, 'Manual Edit of Quantity', '2018-02-13 06:57:52', '2018-02-13 06:57:52'),
(201, 108, 2, 1, 'Manual Edit of Quantity', '2018-02-13 06:58:53', '2018-02-13 06:58:53'),
(202, 109, 2, 2, 'Manual Edit of Quantity', '2018-02-13 06:59:49', '2018-02-13 06:59:49'),
(203, 110, 2, 1, 'Manual Edit of Quantity', '2018-02-13 07:04:47', '2018-02-13 07:04:47'),
(204, 111, 2, 2, 'Manual Edit of Quantity', '2018-02-13 07:05:37', '2018-02-13 07:05:37'),
(205, 112, 2, 2, 'Manual Edit of Quantity', '2018-02-13 07:06:23', '2018-02-13 07:06:23'),
(206, 113, 2, 1, 'Manual Edit of Quantity', '2018-02-13 07:07:49', '2018-02-13 07:07:49'),
(207, 114, 2, 2, 'Manual Edit of Quantity', '2018-02-13 07:09:14', '2018-02-13 07:09:14'),
(208, 115, 2, 1, 'Manual Edit of Quantity', '2018-02-13 07:11:16', '2018-02-13 07:11:16'),
(209, 116, 2, 1, 'Manual Edit of Quantity', '2018-02-13 07:18:25', '2018-02-13 07:18:25'),
(210, 117, 2, 1, 'Manual Edit of Quantity', '2018-02-13 07:19:08', '2018-02-13 07:19:08'),
(211, 118, 2, 1, 'Manual Edit of Quantity', '2018-02-13 07:21:19', '2018-02-13 07:21:19'),
(212, 119, 2, 100, 'Manual Edit of Quantity', '2018-02-13 07:24:07', '2018-02-13 07:24:07'),
(213, 120, 2, 100, 'Manual Edit of Quantity', '2018-02-13 07:24:37', '2018-02-13 07:24:37'),
(214, 119, 2, -80, 'Manual Edit of Quantity', '2018-02-13 07:27:38', '2018-02-13 07:27:38'),
(215, 120, 2, -80, 'Manual Edit of Quantity', '2018-02-13 07:28:25', '2018-02-13 07:28:25'),
(216, 121, 2, 15, 'Manual Edit of Quantity', '2018-02-13 07:28:55', '2018-02-13 07:28:55'),
(217, 122, 2, 10, 'Manual Edit of Quantity', '2018-02-13 07:29:30', '2018-02-13 07:29:30'),
(218, 123, 2, 10, 'Manual Edit of Quantity', '2018-02-13 07:30:28', '2018-02-13 07:30:28'),
(219, 124, 2, 10, 'Manual Edit of Quantity', '2018-02-13 07:31:01', '2018-02-13 07:31:01'),
(220, 125, 2, 10, 'Manual Edit of Quantity', '2018-02-13 07:31:35', '2018-02-13 07:31:35'),
(221, 126, 2, 10, 'Manual Edit of Quantity', '2018-02-13 07:31:59', '2018-02-13 07:31:59'),
(222, 127, 2, 10, 'Manual Edit of Quantity', '2018-02-13 07:32:55', '2018-02-13 07:32:55'),
(223, 128, 2, 10, 'Manual Edit of Quantity', '2018-02-13 07:33:24', '2018-02-13 07:33:24'),
(224, 129, 2, 10, 'Manual Edit of Quantity', '2018-02-13 07:33:55', '2018-02-13 07:33:55'),
(225, 130, 2, 10, 'Manual Edit of Quantity', '2018-02-13 07:34:29', '2018-02-13 07:34:29'),
(226, 131, 2, 10, 'Manual Edit of Quantity', '2018-02-13 07:35:22', '2018-02-13 07:35:22'),
(227, 132, 2, 10, 'Manual Edit of Quantity', '2018-02-13 07:35:45', '2018-02-13 07:35:45'),
(228, 133, 2, 10, 'Manual Edit of Quantity', '2018-02-13 07:36:07', '2018-02-13 07:36:07'),
(229, 134, 2, 10, 'Manual Edit of Quantity', '2018-02-13 07:36:33', '2018-02-13 07:36:33'),
(230, 135, 2, 10, 'Manual Edit of Quantity', '2018-02-13 07:37:59', '2018-02-13 07:37:59'),
(231, 136, 2, 10, 'Manual Edit of Quantity', '2018-02-13 07:38:20', '2018-02-13 07:38:20'),
(232, 137, 2, 10, 'Manual Edit of Quantity', '2018-02-13 07:38:44', '2018-02-13 07:38:44'),
(233, 138, 2, 10, 'Manual Edit of Quantity', '2018-02-13 07:39:54', '2018-02-13 07:39:54'),
(234, 139, 2, 2, 'Manual Edit of Quantity', '2018-02-13 07:42:23', '2018-02-13 07:42:23'),
(235, 140, 2, 1, 'Manual Edit of Quantity', '2018-02-13 07:43:18', '2018-02-13 07:43:18'),
(236, 141, 2, 1, 'Manual Edit of Quantity', '2018-02-13 07:45:31', '2018-02-13 07:45:31'),
(237, 142, 2, 2, 'Manual Edit of Quantity', '2018-02-13 07:49:34', '2018-02-13 07:49:34'),
(238, 143, 2, 2, 'Manual Edit of Quantity', '2018-02-13 07:55:11', '2018-02-13 07:55:11'),
(239, 144, 2, 1, 'Manual Edit of Quantity', '2018-02-13 07:56:36', '2018-02-13 07:56:36'),
(240, 145, 2, 2, 'Manual Edit of Quantity', '2018-02-13 07:57:49', '2018-02-13 07:57:49'),
(241, 146, 2, 1, 'Manual Edit of Quantity', '2018-02-13 07:59:00', '2018-02-13 07:59:00'),
(242, 147, 2, 2, 'Manual Edit of Quantity', '2018-02-13 07:59:40', '2018-02-13 07:59:40'),
(243, 148, 2, 2, 'Manual Edit of Quantity', '2018-02-13 08:01:14', '2018-02-13 08:01:14'),
(244, 149, 2, 1, 'Manual Edit of Quantity', '2018-02-13 08:02:22', '2018-02-13 08:02:22'),
(245, 150, 2, 2, 'Manual Edit of Quantity', '2018-02-13 08:04:10', '2018-02-13 08:04:10'),
(246, 151, 2, 1, 'Manual Edit of Quantity', '2018-02-13 08:05:16', '2018-02-13 08:05:16'),
(247, 152, 2, 1, 'Manual Edit of Quantity', '2018-02-13 08:05:46', '2018-02-13 08:05:46'),
(248, 38, 2, -1, 'SALE20', '2018-02-13 08:11:27', '2018-02-13 08:11:27'),
(250, 153, 2, 1, 'Manual Edit of Quantity', '2018-02-13 08:28:49', '2018-02-13 08:28:49'),
(251, 154, 2, 2, 'Manual Edit of Quantity', '2018-02-13 08:29:25', '2018-02-13 08:29:25'),
(252, 155, 2, 2, 'Manual Edit of Quantity', '2018-02-13 08:30:01', '2018-02-13 08:30:01'),
(253, 156, 2, 1, 'Manual Edit of Quantity', '2018-02-13 08:30:31', '2018-02-13 08:30:31'),
(254, 157, 2, 1, 'Manual Edit of Quantity', '2018-02-13 08:31:20', '2018-02-13 08:31:20'),
(255, 158, 2, 1, 'Manual Edit of Quantity', '2018-02-13 08:33:16', '2018-02-13 08:33:16'),
(256, 159, 2, 1, 'Manual Edit of Quantity', '2018-02-13 08:33:38', '2018-02-13 08:33:38'),
(257, 160, 2, 1, 'Manual Edit of Quantity', '2018-02-13 08:34:08', '2018-02-13 08:34:08'),
(258, 161, 2, 1, 'Manual Edit of Quantity', '2018-02-13 08:34:35', '2018-02-13 08:34:35'),
(259, 72, 3, -1, 'SALE21', '2018-02-15 04:32:51', '2018-02-15 04:32:51'),
(260, 4, 2, -1, 'SALE22', '2018-02-15 09:04:43', '2018-02-15 09:04:43'),
(261, 39, 3, -1, 'SALE23', '2018-02-17 01:12:39', '2018-02-17 01:12:39'),
(262, 162, 2, 2, 'Manual Edit of Quantity', '2018-02-17 07:53:29', '2018-02-17 07:53:29'),
(263, 162, 2, -1, 'SALE25', '2018-02-17 07:53:49', '2018-02-17 07:53:49'),
(264, 163, 2, 100, 'Manual Edit of Quantity', '2018-02-17 08:44:00', '2018-02-17 08:44:00'),
(265, 164, 2, 100, 'Manual Edit of Quantity', '2018-02-17 08:44:59', '2018-02-17 08:44:59'),
(266, 165, 2, 100, 'Manual Edit of Quantity', '2018-02-17 08:46:24', '2018-02-17 08:46:24'),
(267, 166, 2, 100, 'Manual Edit of Quantity', '2018-02-17 08:48:09', '2018-02-17 08:48:09'),
(268, 167, 2, 100, 'Manual Edit of Quantity', '2018-02-17 08:49:16', '2018-02-17 08:49:16'),
(269, 168, 2, 100, 'Manual Edit of Quantity', '2018-02-17 08:50:06', '2018-02-17 08:50:06'),
(270, 135, 2, -2, 'SALE26', '2018-02-17 08:52:26', '2018-02-17 08:52:26'),
(271, 123, 2, -2, 'SALE26', '2018-02-17 08:52:26', '2018-02-17 08:52:26'),
(272, 163, 2, -3, 'SALE26', '2018-02-17 08:52:27', '2018-02-17 08:52:27'),
(273, 164, 2, -1, 'SALE26', '2018-02-17 08:52:27', '2018-02-17 08:52:27'),
(274, 165, 2, -1, 'SALE26', '2018-02-17 08:52:27', '2018-02-17 08:52:27'),
(275, 40, 2, -1, 'SALE26', '2018-02-17 08:52:27', '2018-02-17 08:52:27'),
(276, 167, 2, -1, 'SALE26', '2018-02-17 08:52:27', '2018-02-17 08:52:27'),
(277, 168, 2, -1, 'SALE26', '2018-02-17 08:52:27', '2018-02-17 08:52:27'),
(278, 166, 2, -1, 'SALE26', '2018-02-17 08:52:27', '2018-02-17 08:52:27'),
(279, 4, 3, -1, 'SALE27', '2018-02-18 04:23:02', '2018-02-18 04:23:02'),
(280, 169, 2, 100, 'Manual Edit of Quantity', '2018-02-18 05:50:12', '2018-02-18 05:50:12'),
(281, 170, 2, 100, 'Manual Edit of Quantity', '2018-02-18 05:50:47', '2018-02-18 05:50:47'),
(282, 170, 2, -1, 'SALE28', '2018-02-18 05:51:45', '2018-02-18 05:51:45'),
(283, 169, 2, -1, 'SALE28', '2018-02-18 05:51:45', '2018-02-18 05:51:45'),
(284, 38, 2, -1, 'SALE29', '2018-02-18 05:53:14', '2018-02-18 05:53:14'),
(285, 170, 2, 0, 'Manual Edit of Quantity', '2018-02-18 07:04:21', '2018-02-18 07:04:21'),
(286, 169, 2, 0, 'Manual Edit of Quantity', '2018-02-18 07:07:39', '2018-02-18 07:07:39'),
(287, 165, 2, 0, 'Manual Edit of Quantity', '2018-02-18 07:27:34', '2018-02-18 07:27:34'),
(288, 171, 2, 2, 'Manual Edit of Quantity', '2018-02-18 07:29:19', '2018-02-18 07:29:19'),
(289, 162, 2, 0, 'Manual Edit of Quantity', '2018-02-18 07:31:41', '2018-02-18 07:31:41'),
(290, 162, 2, 1, 'Manual Edit of Quantity', '2018-02-18 07:32:14', '2018-02-18 07:32:14'),
(291, 172, 2, 100, 'Manual Edit of Quantity', '2018-02-18 08:04:01', '2018-02-18 08:04:01'),
(292, 173, 2, 100, 'Manual Edit of Quantity', '2018-02-18 08:05:27', '2018-02-18 08:05:27'),
(293, 172, 2, -9, 'SALE30', '2018-02-18 08:07:06', '2018-02-18 08:07:06'),
(294, 51, 2, -1, 'SALE31', '2018-02-18 09:11:46', '2018-02-18 09:11:46'),
(295, 40, 2, -1, 'SALE31', '2018-02-18 09:11:46', '2018-02-18 09:11:46'),
(296, 68, 2, -1, 'SALE32', '2018-02-18 09:16:32', '2018-02-18 09:16:32'),
(297, 31, 2, -1, 'SALE33', '2018-02-18 09:48:47', '2018-02-18 09:48:47'),
(298, 4, 3, -1, 'SALE34', '2018-02-19 03:21:16', '2018-02-19 03:21:16'),
(299, 174, 2, 5, 'Manual Edit of Quantity', '2018-02-19 06:35:53', '2018-02-19 06:35:53'),
(300, 175, 2, 5, 'Manual Edit of Quantity', '2018-02-19 06:36:32', '2018-02-19 06:36:32'),
(301, 174, 2, -1, 'SALE35', '2018-02-19 06:38:17', '2018-02-19 06:38:17'),
(302, 175, 2, -1, 'SALE35', '2018-02-19 06:38:17', '2018-02-19 06:38:17'),
(303, 4, 2, -1, 'SALE35', '2018-02-19 06:38:17', '2018-02-19 06:38:17'),
(304, 176, 2, 5, 'Manual Edit of Quantity', '2018-02-19 06:47:09', '2018-02-19 06:47:09'),
(305, 15, 2, -1, 'SALE36', '2018-02-19 07:28:05', '2018-02-19 07:28:05'),
(306, 177, 2, 1, 'Manual Edit of Quantity', '2018-02-19 08:09:56', '2018-02-19 08:09:56'),
(307, 178, 2, 2, 'Manual Edit of Quantity', '2018-02-19 08:15:37', '2018-02-19 08:15:37'),
(308, 14, 2, 0, 'Manual Edit of Quantity', '2018-02-19 08:43:16', '2018-02-19 08:43:16'),
(309, 31, 2, -1, 'SALE37', '2018-02-19 08:51:06', '2018-02-19 08:51:06'),
(310, 14, 2, -1, 'SALE37', '2018-02-19 08:51:06', '2018-02-19 08:51:06'),
(311, 14, 2, -1, 'SALE37', '2018-02-19 08:51:06', '2018-02-19 08:51:06'),
(312, 4, 2, -1, 'SALE37', '2018-02-19 08:51:07', '2018-02-19 08:51:07'),
(313, 179, 2, 2, 'Manual Edit of Quantity', '2018-02-19 09:41:59', '2018-02-19 09:41:59'),
(314, 180, 2, 100, 'Manual Edit of Quantity', '2018-02-19 09:43:00', '2018-02-19 09:43:00'),
(315, 179, 2, -1, 'SALE38', '2018-02-19 09:43:49', '2018-02-19 09:43:49'),
(316, 180, 2, -1, 'SALE38', '2018-02-19 09:43:49', '2018-02-19 09:43:49'),
(317, 30, 3, -1, 'SALE39', '2018-02-20 00:06:27', '2018-02-20 00:06:27'),
(318, 151, 3, -1, 'SALE40', '2018-02-20 02:37:15', '2018-02-20 02:37:15'),
(319, 162, 3, -1, 'SALE41', '2018-02-20 03:12:22', '2018-02-20 03:12:22'),
(320, 4, 3, -1, 'SALE42', '2018-02-20 05:33:48', '2018-02-20 05:33:48'),
(321, 60, 2, -1, 'SALE43', '2018-02-20 08:12:49', '2018-02-20 08:12:49'),
(322, 69, 3, -1, 'SALE44', '2018-02-20 23:53:22', '2018-02-20 23:53:22'),
(323, 15, 3, -1, 'SALE45', '2018-02-21 05:14:15', '2018-02-21 05:14:15'),
(324, 88, 3, -1, 'SALE46', '2018-02-21 05:17:35', '2018-02-21 05:17:35'),
(325, 63, 3, -1, 'SALE47', '2018-02-21 07:14:32', '2018-02-21 07:14:32'),
(326, 76, 3, -1, 'SALE47', '2018-02-21 07:14:32', '2018-02-21 07:14:32'),
(327, 1, 3, -1, 'SALE48', '2018-02-21 07:28:54', '2018-02-21 07:28:54'),
(328, 12, 3, -1, 'SALE49', '2018-02-21 07:29:59', '2018-02-21 07:29:59'),
(329, 48, 3, -1, 'SALE49', '2018-02-21 07:29:59', '2018-02-21 07:29:59'),
(330, 61, 3, -1, 'SALE50', '2018-02-22 07:56:17', '2018-02-22 07:56:17'),
(331, 59, 3, -1, 'SALE51', '2018-02-24 00:38:33', '2018-02-24 00:38:33'),
(332, 80, 3, -1, 'SALE51', '2018-02-24 00:38:33', '2018-02-24 00:38:33'),
(333, 15, 3, -1, 'SALE51', '2018-02-24 00:38:33', '2018-02-24 00:38:33'),
(334, 82, 3, -1, 'SALE52', '2018-02-24 07:41:33', '2018-02-24 07:41:33'),
(335, 15, 3, -1, 'SALE53', '2018-02-25 05:35:02', '2018-02-25 05:35:02'),
(336, 180, 3, -1, 'SALE54', '2018-02-25 07:41:19', '2018-02-25 07:41:19'),
(337, 4, 3, -1, 'SALE55', '2018-02-25 07:48:01', '2018-02-25 07:48:01'),
(338, 14, 3, -1, 'SALE55', '2018-02-25 07:48:01', '2018-02-25 07:48:01'),
(339, 181, 2, 5, 'Manual Edit of Quantity', '2018-02-25 08:02:24', '2018-02-25 08:02:24'),
(340, 182, 2, 141, 'Manual Edit of Quantity', '2018-02-25 08:03:54', '2018-02-25 08:03:54'),
(341, 183, 2, 40, 'Manual Edit of Quantity', '2018-02-25 08:14:04', '2018-02-25 08:14:04'),
(342, 38, 2, -2, 'SALE56', '2018-02-25 08:46:45', '2018-02-25 08:46:45'),
(343, 184, 2, 8, 'Manual Edit of Quantity', '2018-02-25 09:02:43', '2018-02-25 09:02:43'),
(344, 4, 2, -1, 'SALE57', '2018-02-25 09:43:45', '2018-02-25 09:43:45'),
(345, 182, 2, -1, 'SALE58', '2018-02-25 09:47:30', '2018-02-25 09:47:30'),
(346, 183, 3, -1, 'SALE59', '2018-02-26 00:50:55', '2018-02-26 00:50:55'),
(347, 183, 3, -1, 'SALE60', '2018-02-26 02:54:20', '2018-02-26 02:54:20'),
(348, 123, 3, -1, 'SALE61', '2018-02-26 06:38:45', '2018-02-26 06:38:45');

-- --------------------------------------------------------

--
-- Table structure for table `items`
--

CREATE TABLE `items` (
  `id` int(10) UNSIGNED NOT NULL,
  `upc_ean_isbn` varchar(90) COLLATE utf8_unicode_ci NOT NULL,
  `item_name` varchar(90) COLLATE utf8_unicode_ci NOT NULL,
  `size` varchar(20) COLLATE utf8_unicode_ci NOT NULL,
  `description` text COLLATE utf8_unicode_ci NOT NULL,
  `avatar` varchar(255) COLLATE utf8_unicode_ci NOT NULL DEFAULT 'no-foto.png',
  `cost_price` decimal(9,2) NOT NULL,
  `selling_price` decimal(9,2) NOT NULL,
  `quantity` int(11) NOT NULL,
  `type` int(11) NOT NULL DEFAULT '1',
  `created_at` timestamp NOT NULL DEFAULT '0000-00-00 00:00:00',
  `updated_at` timestamp NOT NULL DEFAULT '0000-00-00 00:00:00'
) ENGINE=InnoDB DEFAULT CHARSET=utf8 COLLATE=utf8_unicode_ci;

--
-- Dumping data for table `items`
--

INSERT INTO `items` (`id`, `upc_ean_isbn`, `item_name`, `size`, `description`, `avatar`, `cost_price`, `selling_price`, `quantity`, `type`, `created_at`, `updated_at`) VALUES
(1, '', 'Honey Nut (shorisha full)', '', '', 'no-foto.png', '450.00', '650.00', 1, 1, '2018-01-29 07:20:56', '2018-02-21 07:28:54'),
(2, '', 'ottoman silva blue', '6ml', '', 'no-foto.png', '240.00', '290.00', 4, 1, '2018-01-29 07:22:56', '2018-02-06 05:21:42'),
(3, '', 'Bragg Apple cider', '473ml', '', 'no-foto.png', '520.00', '780.00', 3, 1, '2018-01-29 07:32:42', '2018-02-06 05:24:06'),
(4, '', 'Black seed Honey', '250ml', '', 'no-foto.png', '325.00', '380.00', 8, 1, '2018-01-29 07:38:57', '2018-02-25 09:43:45'),
(5, '', 'ottoman Desire', '6ml', '', 'no-foto.png', '190.00', '250.00', 5, 1, '2018-01-29 08:12:25', '2018-02-06 05:25:58'),
(6, '', 'ottoman Axe Twist', '6ml', '', 'no-foto.png', '230.00', '240.00', 3, 1, '2018-01-29 08:13:20', '2018-01-31 04:04:45'),
(7, '', 'ottoman Dalal', '6ml', '', 'no-foto.png', '290.00', '320.00', 5, 1, '2018-01-29 08:16:00', '2018-02-04 08:09:46'),
(8, '', 'Ottoman Charlie Rain', '6ml', '', 'no-foto.png', '140.00', '165.00', 5, 1, '2018-01-29 08:26:06', '2018-01-29 08:26:06'),
(9, '', 'Black seed Oil', '100ml', '', 'no-foto.png', '220.00', '250.00', 1, 1, '2018-01-29 08:34:10', '2018-01-29 08:39:55'),
(10, '', 'Khalisa Forest Honey', '250ml', '', 'no-foto.png', '419.00', '545.00', 11, 1, '2018-01-31 08:31:26', '2018-01-31 08:31:26'),
(11, '', 'Apple cider ', '473ml', '', 'no-foto.png', '170.00', '220.00', 2, 1, '2018-02-04 08:34:52', '2018-02-06 05:28:37'),
(12, '', 'Ajwa Khejur', '1P', '', 'no-foto.png', '170.00', '182.00', 5, 1, '2018-02-04 08:51:07', '2018-02-21 07:29:59'),
(13, '', 'Safran', '1P', '', 'no-foto.png', '400.00', '450.00', 2, 1, '2018-02-04 08:51:43', '2018-02-04 08:51:43'),
(14, '', 'Ghee Cream', '480g', 'Creame', 'no-foto.png', '718.00', '850.00', 5, 1, '2018-02-04 08:57:23', '2018-02-25 07:48:01'),
(15, '', 'Chocomusk ( ATTOR 4ml )', '4 ml ', '', 'no-foto.png', '35.00', '90.00', 93, 1, '2018-02-05 06:19:41', '2018-02-25 05:35:02'),
(16, '', 'Camel Milk ', '25 gm', 'ayaat theke nya ', 'no-foto.png', '220.00', '300.00', 1, 1, '2018-02-05 06:21:20', '2018-02-07 07:38:21'),
(17, '', 'Peanut Butter', '250ml', '', 'no-foto.png', '290.00', '310.00', 1, 1, '2018-02-05 06:22:28', '2018-02-06 07:35:21'),
(18, '', 'Choko Talbina', '600 gm', '', 'no-foto.png', '290.00', '350.00', 1, 1, '2018-02-05 06:27:28', '2018-02-05 06:29:07'),
(19, '', 'Talbina', '550 gm', '', 'no-foto.png', '190.00', '250.00', 2, 1, '2018-02-05 06:29:52', '2018-02-06 07:33:48'),
(20, '', 'ottoman abiyad al Oud', '6 ml', '', 'no-foto.png', '380.00', '410.00', 3, 1, '2018-02-05 06:36:04', '2018-02-05 06:36:04'),
(21, '', 'ottoman choco Dark', '6 ml', '', 'no-foto.png', '190.00', '250.00', 4, 1, '2018-02-05 06:37:35', '2018-02-05 06:37:35'),
(22, '', 'ottoman joop Thrill', '6 ml', '', 'no-foto.png', '150.00', '220.00', 3, 1, '2018-02-05 06:38:47', '2018-02-05 06:38:47'),
(23, '', 'Hoodie(KYD)', 'L', '', 'no-foto.png', '512.00', '600.00', 4, 1, '2018-02-05 06:40:03', '2018-02-06 07:14:32'),
(24, '', 'Hoodie(KYD)', 'M', '', 'no-foto.png', '512.00', '600.00', 4, 1, '2018-02-05 06:40:24', '2018-02-06 07:15:16'),
(25, '', 'Hoodie(KYD)', 'Xl', '', 'no-foto.png', '512.00', '600.00', 1, 1, '2018-02-05 06:40:48', '2018-02-06 07:16:01'),
(26, '', 'Jubba (Thub)', 'L. Xl', '', 'no-foto.png', '1500.00', '1760.00', 2, 1, '2018-02-05 06:41:57', '2018-02-06 07:31:38'),
(27, '', 'Lucy Oliva', '250 ml', '', 'no-foto.png', '290.00', '310.00', 1, 1, '2018-02-05 06:42:50', '2018-02-06 07:40:34'),
(28, '', 'Rukhsar (attor)', '8 ml', '', 'no-foto.png', '160.00', '200.00', 2, 1, '2018-02-05 06:43:50', '2018-02-05 06:43:50'),
(29, '', 'Barnnar Odour', 'R', '', 'no-foto.png', '1500.00', '2000.00', 5, 1, '2018-02-05 07:03:51', '2018-02-05 07:03:51'),
(30, '', 'Honey sharisa ', '1 kg', '', 'no-foto.png', '320.00', '400.00', 1, 1, '2018-02-05 07:05:02', '2018-02-20 00:06:27'),
(31, '', 'Ghee Premium', '808g', '', 'no-foto.png', '1287.00', '1350.00', 2, 1, '2018-02-05 07:12:22', '2018-02-19 08:51:06'),
(33, '', 'Ck 1', '8ml', '', 'no-foto.png', '180.00', '225.00', 10, 1, '2018-02-05 07:15:39', '2018-02-05 07:15:39'),
(34, '', 'ottoman Rooh Al-Oud', '6 ml', '', 'no-foto.png', '600.00', '800.00', 1, 1, '2018-02-05 07:21:58', '2018-02-07 06:36:39'),
(35, '', 'Zardan Khejur', '250g', '', 'no-foto.png', '220.00', '240.00', 1, 1, '2018-02-06 04:59:14', '2018-02-06 05:34:06'),
(36, '', 'Beard Oil (UK Products)', '30ml', '', 'no-foto.png', '280.00', '450.00', 11, 1, '2018-02-06 05:43:01', '2018-02-12 06:22:33'),
(37, '', 'Bakhur Burner', '', '', 'no-foto.png', '1500.00', '2000.00', 5, 1, '2018-02-06 05:44:42', '2018-02-06 05:44:42'),
(38, '', 'Body Spree(Non Alcoholic)', '200ml', '', 'no-foto.png', '250.00', '350.00', -1, 1, '2018-02-06 05:49:30', '2018-02-25 08:46:45'),
(39, '', 'White Oudh', '6 ml', '', 'no-foto.png', '250.00', '315.00', 0, 1, '2018-02-06 06:26:21', '2018-02-17 01:12:39'),
(40, '', 'Book Rasoler Chukhe Dhuniya', '', '', 'no-foto.png', '150.00', '200.00', 2, 1, '2018-02-06 07:05:26', '2018-02-18 09:11:46'),
(41, '', 'Hoodie(Inspire)', 'L', '', 'no-foto.png', '512.00', '600.00', 6, 1, '2018-02-06 07:22:16', '2018-02-06 07:22:16'),
(42, '', 'Hoodie(Inspire)', 'M', '', 'no-foto.png', '512.00', '600.00', 3, 1, '2018-02-06 07:24:50', '2018-02-06 07:51:17'),
(43, '', 'Hoodie(Inspire)', 'XXl', '', 'no-foto.png', '512.00', '600.00', 2, 1, '2018-02-06 07:26:47', '2018-02-06 07:51:34'),
(44, '', 'Hoodie(GR)', 'L', '', 'no-foto.png', '512.00', '600.00', 1, 1, '2018-02-06 07:27:30', '2018-02-06 07:27:30'),
(45, '', 'Hoodie(GR)', 'L', '', 'no-foto.png', '512.00', '600.00', 1, 1, '2018-02-06 07:28:05', '2018-02-06 07:28:05'),
(46, '', 'Wood Bakhur', '', '', 'no-foto.png', '320.00', '410.00', 4, 1, '2018-02-06 07:44:22', '2018-02-06 07:44:22'),
(47, '', 'Black seed Soap', '', '', 'no-foto.png', '160.00', '200.00', 2, 1, '2018-02-06 07:45:48', '2018-02-06 07:45:48'),
(48, '', 'Mariom Khejur', '250g', '', 'no-foto.png', '210.00', '250.00', 2, 1, '2018-02-06 07:49:43', '2018-02-21 07:29:59'),
(49, '', 'Counter', '', '', 'no-foto.png', '70.00', '90.00', 2, 1, '2018-02-06 07:53:50', '2018-02-06 07:53:50'),
(50, '', 'Ottoman Polo', '6ml', '', 'no-foto.png', '140.00', '175.00', 4, 1, '2018-02-06 08:20:11', '2018-02-06 08:20:11'),
(51, '', 'Ottoman Lovani', '6ml', '', 'no-foto.png', '178.00', '220.00', 4, 1, '2018-02-06 08:22:40', '2018-02-18 09:11:46'),
(52, '', 'Ottoma Brut Musk', '6ml', '', 'no-foto.png', '145.00', '175.00', 4, 1, '2018-02-06 08:31:53', '2018-02-06 08:31:53'),
(53, '', 'Bedouin Fawakeh', '4ml', '', 'no-foto.png', '170.00', '220.00', 9, 1, '2018-02-07 06:29:11', '2018-02-07 06:36:39'),
(54, '', 'Gahwa', '500g', '', 'no-foto.png', '640.00', '750.00', 2, 1, '2018-02-11 09:07:16', '2018-02-11 09:07:16'),
(55, '', 'Bedouin Escada', '4ml', '', 'no-foto.png', '112.00', '140.00', 2, 1, '2018-02-11 09:10:01', '2018-02-11 09:10:01'),
(56, '', 'Bedouin Hogo', '4ml', '', 'no-foto.png', '112.00', '140.00', 2, 1, '2018-02-11 09:10:49', '2018-02-11 09:10:49'),
(57, '', 'Bedouin Hogo', '6ml', '', 'no-foto.png', '172.00', '210.00', 1, 1, '2018-02-11 09:20:47', '2018-02-11 09:20:47'),
(58, '', 'Bedouin Bose', '4ml', '', 'no-foto.png', '112.00', '140.00', 1, 1, '2018-02-11 09:22:03', '2018-02-11 09:22:03'),
(59, '', 'Bedouin Givency', '4ml', '', 'no-foto.png', '112.00', '140.00', 1, 1, '2018-02-11 09:22:35', '2018-02-24 00:38:33'),
(60, '', 'Bedouin Escape', '4ml', '', 'no-foto.png', '144.00', '180.00', 1, 1, '2018-02-11 09:23:05', '2018-02-20 08:12:49'),
(61, '', 'Bedouin Sensual', '4ml', '', 'no-foto.png', '120.00', '150.00', 2, 1, '2018-02-11 09:23:38', '2018-02-22 07:56:17'),
(62, '', 'Beduin Golden sand', '4ml', '', 'no-foto.png', '112.00', '140.00', 3, 1, '2018-02-11 09:24:30', '2018-02-11 09:24:30'),
(63, '', 'Bedouin Black xxs', '4ml', '', 'no-foto.png', '112.00', '140.00', 2, 1, '2018-02-11 09:24:57', '2018-02-21 07:14:32'),
(64, '', 'Bedouin Duhill Brown', '4ml', '', 'no-foto.png', '136.00', '170.00', 1, 1, '2018-02-11 09:27:05', '2018-02-11 09:27:05'),
(65, '', 'Bedouin Gucci', '4ml', '', 'no-foto.png', '112.00', '140.00', 2, 1, '2018-02-11 09:27:29', '2018-02-11 09:27:29'),
(66, '', 'Bedouin Gentleman', '4ml', '', 'no-foto.png', '120.00', '150.00', 1, 1, '2018-02-11 09:28:15', '2018-02-11 09:28:15'),
(67, '', 'Bedouin Infinity', '4ml', '', 'no-foto.png', '96.00', '120.00', 2, 1, '2018-02-11 09:29:24', '2018-02-11 09:29:24'),
(68, '', 'Bedouin Dunhill Desire', '4ml', '', 'no-foto.png', '96.00', '120.00', 3, 1, '2018-02-11 09:30:11', '2018-02-18 09:16:32'),
(69, '', 'Bedouin Silver Shadow', '4ml', '', 'no-foto.png', '96.00', '120.00', 1, 1, '2018-02-11 09:31:11', '2018-02-20 23:53:22'),
(70, '', 'Bedouin Joopy', '4ml', '', 'no-foto.png', '96.00', '120.00', 2, 1, '2018-02-11 09:31:42', '2018-02-11 09:31:42'),
(71, '', 'Bedouin Infi man', '4ml', '', 'no-foto.png', '96.00', '120.00', 2, 1, '2018-02-11 09:33:06', '2018-02-11 09:33:06'),
(72, '', 'Bedouin Barbara', '4ml', '', 'no-foto.png', '88.00', '110.00', 0, 1, '2018-02-11 09:33:43', '2018-02-15 04:32:51'),
(73, '', 'Bedouin Hogo Boss', '4ml', '', 'no-foto.png', '88.00', '110.00', 2, 1, '2018-02-11 09:34:16', '2018-02-11 09:34:16'),
(74, '', 'Bedouin Daffodil', '4ml', '', 'no-foto.png', '88.00', '110.00', 1, 1, '2018-02-11 09:37:31', '2018-02-11 09:37:31'),
(75, '', 'Bedouin Armani Man', '4ml', '', 'no-foto.png', '88.00', '110.00', 2, 1, '2018-02-11 09:38:17', '2018-02-11 09:38:17'),
(76, '', 'Bedouin C W Bedouin', '4ml', '', 'no-foto.png', '186.00', '220.00', 2, 1, '2018-02-11 09:39:29', '2018-02-21 07:14:32'),
(77, '', 'Bedouin Coolwater', '4ml', '', 'no-foto.png', '88.00', '110.00', 1, 1, '2018-02-11 09:40:05', '2018-02-11 09:40:05'),
(78, '', 'Bedouin Musk Fakhir', '4ml', '', 'no-foto.png', '180.00', '220.00', 1, 1, '2018-02-11 09:41:18', '2018-02-11 09:41:18'),
(79, '', 'Bedouin M Badar', '4ml', '', 'no-foto.png', '164.00', '200.00', 1, 1, '2018-02-11 09:41:52', '2018-02-11 09:41:52'),
(80, '', 'Bedouin J A F Swiss', '4ml', '', 'no-foto.png', '164.00', '200.00', 0, 1, '2018-02-11 09:42:34', '2018-02-24 00:38:33'),
(81, '', 'Bedouin G Bakhoor', '4ml', '', 'no-foto.png', '114.80', '140.00', 1, 1, '2018-02-11 09:44:13', '2018-02-11 09:44:13'),
(82, '', 'Bedouin Bakhoor', '4ml', '', 'no-foto.png', '155.00', '190.00', 0, 1, '2018-02-11 09:44:52', '2018-02-24 07:41:33'),
(83, '', 'Bedouin Sultan', '4ml', '', 'no-foto.png', '123.00', '150.00', 2, 1, '2018-02-11 09:45:39', '2018-02-11 09:45:39'),
(84, '', 'Bedouin Umar Al Oudh', '4ml', '', 'no-foto.png', '164.00', '200.00', 2, 1, '2018-02-11 09:46:40', '2018-02-11 09:46:40'),
(85, '', 'Bedouin Rooh al Oudh', '4ml', '', 'no-foto.png', '164.00', '200.00', 2, 1, '2018-02-11 09:47:25', '2018-02-11 09:47:25'),
(86, '', 'Bedouin W O Bedouin', '4ml', '', 'no-foto.png', '181.00', '220.00', 1, 1, '2018-02-11 09:48:06', '2018-02-11 09:48:06'),
(87, '', 'Bedouin Black Oudh', '4ml', '', 'no-foto.png', '164.00', '200.00', 1, 1, '2018-02-11 09:48:39', '2018-02-11 09:48:39'),
(88, '', 'Bedouin Jadore Al Oudh', '4ml', '', 'no-foto.png', '181.00', '220.00', 1, 1, '2018-02-11 09:49:36', '2018-02-21 05:17:35'),
(89, '', 'Bedouin Bose', '6 ml', '', 'no-foto.png', '172.00', '210.00', 1, 1, '2018-02-11 09:50:42', '2018-02-11 09:50:42'),
(90, '', 'Bedouin Givency', '6 ml', '', 'no-foto.png', '172.00', '210.00', 1, 1, '2018-02-11 09:51:20', '2018-02-11 09:51:20'),
(91, '', 'Bedouin Escape', '6ml', '', 'no-foto.png', '205.00', '250.00', 1, 1, '2018-02-11 09:51:50', '2018-02-11 09:51:50'),
(92, '', 'Bedouin Sensual', '6ml', '', 'no-foto.png', '180.00', '220.00', 1, 1, '2018-02-11 09:52:26', '2018-02-11 09:52:26'),
(93, '', 'Bedouin Golden Sand', '6ml', '', 'no-foto.png', '172.00', '210.00', 1, 1, '2018-02-11 09:53:09', '2018-02-11 09:53:09'),
(94, '', 'Bedouin Black xxs', '6ml', '', 'no-foto.png', '172.00', '210.00', 1, 1, '2018-02-11 09:53:44', '2018-02-11 09:53:44'),
(95, '', 'Bedouin Duhill Brown', '6ml', '', 'no-foto.png', '205.00', '250.00', 1, 1, '2018-02-11 09:54:14', '2018-02-11 09:54:14'),
(96, '', 'Bedouin Gucci', '6ml', '', 'no-foto.png', '172.00', '210.00', 1, 1, '2018-02-11 09:54:37', '2018-02-11 09:54:37'),
(97, '', 'Bedouin Infinity', '6ml', '', 'no-foto.png', '131.00', '160.00', 1, 1, '2018-02-11 09:55:23', '2018-02-11 09:55:23'),
(98, '', 'Bedouin Dunhill Desire', '6ml', '', 'no-foto.png', '131.00', '160.00', 1, 1, '2018-02-11 09:55:48', '2018-02-11 09:55:48'),
(99, '', 'Ruku White Oudh', '6ml', '', 'no-foto.png', '230.00', '300.00', 6, 1, '2018-02-13 05:50:37', '2018-02-13 05:50:37'),
(100, '', 'Ruku White Oudh', '8ml', '', 'no-foto.png', '300.00', '395.00', 1, 1, '2018-02-13 06:23:33', '2018-02-13 06:23:33'),
(101, '', 'Ruku White Oudh(Spray)', '8ml', '', 'no-foto.png', '300.00', '415.00', 1, 1, '2018-02-13 06:24:24', '2018-02-13 06:24:24'),
(102, '', 'Ruku Swiss Rakhan', '6ml', '', 'no-foto.png', '214.00', '295.00', 2, 1, '2018-02-13 06:41:52', '2018-02-13 06:41:52'),
(103, '', 'Ruku Swiss Rakhan', '8ml', '', 'no-foto.png', '300.00', '395.00', 2, 1, '2018-02-13 06:43:44', '2018-02-13 06:43:44'),
(104, '', 'Ruku Givency', '6ml', '', 'no-foto.png', '195.00', '245.00', 1, 1, '2018-02-13 06:47:16', '2018-02-13 06:47:16'),
(105, '', 'Ruku Givency', '8ml', '', 'no-foto.png', '260.00', '315.00', 2, 1, '2018-02-13 06:54:55', '2018-02-13 06:54:55'),
(106, '', 'Ruku Hogo', '6ml', '', 'no-foto.png', '190.00', '245.00', 2, 1, '2018-02-13 06:56:29', '2018-02-13 06:56:29'),
(107, '', 'Ruku Hogo(Spray)', '8ml', '', 'no-foto.png', '280.00', '335.00', 1, 1, '2018-02-13 06:57:52', '2018-02-13 06:57:52'),
(108, '', 'Ruku Hogo', '8ml', '', 'no-foto.png', '260.00', '315.00', 1, 1, '2018-02-13 06:58:53', '2018-02-13 06:58:53'),
(109, '', 'Ruku CK1', '6ml', '', 'no-foto.png', '130.00', '185.00', 2, 1, '2018-02-13 06:59:49', '2018-02-13 06:59:49'),
(110, '', 'Ruku CK1', '8ml', '', 'no-foto.png', '185.00', '225.00', 1, 1, '2018-02-13 07:04:46', '2018-02-13 07:04:46'),
(111, '', 'Ruku Black XXS', '6ml', '', 'no-foto.png', '190.00', '245.00', 2, 1, '2018-02-13 07:05:37', '2018-02-13 07:05:37'),
(112, '', 'Ruku Black XXS', '8ml', '', 'no-foto.png', '280.00', '315.00', 2, 1, '2018-02-13 07:06:23', '2018-02-13 07:06:23'),
(113, '', 'Ruku Black XXS(Spray)', '8ml', '', 'no-foto.png', '285.00', '335.00', 1, 1, '2018-02-13 07:07:49', '2018-02-13 07:07:49'),
(114, '', 'Ruku Omar Al Oudh', '6ml', '', 'no-foto.png', '210.00', '295.00', 2, 1, '2018-02-13 07:09:14', '2018-02-13 07:09:14'),
(115, '', 'Ruku Omar Al Oudh', '8ml', '', 'no-foto.png', '300.00', '390.00', 1, 1, '2018-02-13 07:11:16', '2018-02-13 07:11:16'),
(116, '', 'Ruku Dunhill Desire', '6ml', '', 'no-foto.png', '120.00', '195.00', 1, 1, '2018-02-13 07:18:25', '2018-02-13 07:18:25'),
(117, '', 'Ruku Dunhill Desire(Spray)', '8ml', '', 'no-foto.png', '200.00', '260.00', 1, 1, '2018-02-13 07:19:08', '2018-02-13 07:19:08'),
(118, '', 'Ruku Barbara', '6ml', '', 'no-foto.png', '132.00', '170.00', 1, 1, '2018-02-13 07:21:19', '2018-02-13 07:21:19'),
(119, '', 'Ruku Fitnah T-Shirt (Full.S) ', 'M', '', 'no-foto.png', '170.00', '320.00', 20, 1, '2018-02-13 07:24:07', '2018-02-13 07:27:38'),
(120, '', 'Ruku Fitnah T-Shirt(Full.S)', 'L', '', 'no-foto.png', '170.00', '320.00', 20, 1, '2018-02-13 07:24:37', '2018-02-13 07:28:25'),
(121, '', 'Ruku Fitnah T-Shirt(Full.S)', 'Xl', '', 'no-foto.png', '170.00', '320.00', 15, 1, '2018-02-13 07:28:55', '2018-02-13 07:28:55'),
(122, '', 'Ruku Fitnah T-Shirt(Full.S)', 'XXl', '', 'no-foto.png', '170.00', '320.00', 10, 1, '2018-02-13 07:29:30', '2018-02-13 07:29:30'),
(123, '', 'Ruku Ahadun T-Shirt(Full.S)', 'M', '', 'no-foto.png', '170.00', '320.00', 7, 1, '2018-02-13 07:30:28', '2018-02-26 06:38:45'),
(124, '', 'Ruku Ahadun T-Shirt(Full.S)', 'L', '', 'no-foto.png', '170.00', '320.00', 10, 1, '2018-02-13 07:31:01', '2018-02-13 07:31:01'),
(125, '', 'Ruku Ahadun T-Shirt(Full.S)', 'XL', '', 'no-foto.png', '170.00', '320.00', 10, 1, '2018-02-13 07:31:35', '2018-02-13 07:31:35'),
(126, '', 'Ruku Ahadun T-Shirt(Full.S)', 'XXl', '', 'no-foto.png', '170.00', '320.00', 10, 1, '2018-02-13 07:31:59', '2018-02-13 07:31:59'),
(127, '', 'Ruku La Tahjan T-Shirt(Full.S)', 'M', '', 'no-foto.png', '170.00', '320.00', 10, 1, '2018-02-13 07:32:55', '2018-02-13 07:32:55'),
(128, '', 'Ruku La Tahjan T-Shirt(Full.S)', 'L', '', 'no-foto.png', '170.00', '320.00', 10, 1, '2018-02-13 07:33:24', '2018-02-13 07:33:24'),
(129, '', 'Ruku La Tahjan T-Shirt(Full.S)', 'Xl', '', 'no-foto.png', '170.00', '320.00', 10, 1, '2018-02-13 07:33:55', '2018-02-13 07:33:55'),
(130, '', 'Ruku La Tahjan T-Shirt(Full.S)', 'XXl', '', 'no-foto.png', '170.00', '320.00', 10, 1, '2018-02-13 07:34:29', '2018-02-13 07:34:29'),
(131, '', 'Ruku Riba T-Shirt(Full.S)', 'M', '', 'no-foto.png', '170.00', '320.00', 10, 1, '2018-02-13 07:35:22', '2018-02-13 07:35:22'),
(132, '', 'Ruku Riba T-Shirt(Full.S)', 'L', '', 'no-foto.png', '170.00', '320.00', 10, 1, '2018-02-13 07:35:45', '2018-02-13 07:35:45'),
(133, '', 'Ruku Riba T-Shirt(Full.S)', 'XL', '', 'no-foto.png', '170.00', '320.00', 10, 1, '2018-02-13 07:36:07', '2018-02-13 07:36:07'),
(134, '', 'Ruku Riba T-Shirt(Full.S)', 'XXl', '', 'no-foto.png', '170.00', '320.00', 10, 1, '2018-02-13 07:36:33', '2018-02-13 07:36:33'),
(135, '', 'Ruku Halal Haram T-Shirt(Full.S)', 'M', '', 'no-foto.png', '170.00', '320.00', 8, 1, '2018-02-13 07:37:59', '2018-02-17 08:52:26'),
(136, '', 'Ruku Halal Haram T-Shirt(Full.S)', 'L', '', 'no-foto.png', '170.00', '320.00', 10, 1, '2018-02-13 07:38:20', '2018-02-13 07:38:20'),
(137, '', 'Ruku Halal Haram T-Shirt(Full.S)', 'XL', '', 'no-foto.png', '170.00', '320.00', 10, 1, '2018-02-13 07:38:44', '2018-02-13 07:38:44'),
(138, '', 'Ruku Halal Haram T-Shirt(Full.S)', 'XXl', '', 'no-foto.png', '170.00', '320.00', 10, 1, '2018-02-13 07:39:54', '2018-02-13 07:39:54'),
(139, '', 'Ruku Black Oudh', '6ml', '', 'no-foto.png', '220.00', '295.00', 2, 1, '2018-02-13 07:42:23', '2018-02-13 07:42:23'),
(140, '', 'Ruku Black Oudh(Spray)', '8ml', '', 'no-foto.png', '360.00', '410.00', 1, 1, '2018-02-13 07:43:18', '2018-02-13 07:43:18'),
(141, '', 'Ruku Black Oudh', '8ml', '', 'no-foto.png', '320.00', '390.00', 1, 1, '2018-02-13 07:45:31', '2018-02-13 07:45:31'),
(142, '', 'Ruku Kasturi', '6ml', '', 'no-foto.png', '130.00', '185.00', 2, 1, '2018-02-13 07:49:34', '2018-02-13 07:49:34'),
(143, '', 'Ruku Musk Madine', '6ml', '', 'no-foto.png', '260.00', '315.00', 2, 1, '2018-02-13 07:55:11', '2018-02-13 07:55:11'),
(144, '', 'Ruku Musk Madine(Spray)', '8ml', '', 'no-foto.png', '360.00', '415.00', 1, 1, '2018-02-13 07:56:36', '2018-02-13 07:56:36'),
(145, '', 'Ruku Sultan', '6ml', '', 'no-foto.png', '190.00', '235.00', 2, 1, '2018-02-13 07:57:49', '2018-02-13 07:57:49'),
(146, '', 'Ruku Sultan(Spray)', '8ml', '', 'no-foto.png', '300.00', '345.00', 1, 1, '2018-02-13 07:59:00', '2018-02-13 07:59:00'),
(147, '', 'Ruku Sultan', '8ml', '', 'no-foto.png', '290.00', '325.00', 2, 1, '2018-02-13 07:59:40', '2018-02-13 07:59:40'),
(148, '', 'Ruku Escape', '6ml', '', 'no-foto.png', '220.00', '285.00', 2, 1, '2018-02-13 08:01:14', '2018-02-13 08:01:14'),
(149, '', 'Ruku Escape(Spray)', '8ml', '', 'no-foto.png', '390.00', '320.00', 1, 1, '2018-02-13 08:02:22', '2018-02-13 08:02:22'),
(150, '', 'Ruku Gucci', '6ml', '', 'no-foto.png', '200.00', '245.00', 2, 1, '2018-02-13 08:04:10', '2018-02-13 08:04:10'),
(151, '', 'Ruku Gucci(Spray)', '8ml', '', 'no-foto.png', '290.00', '335.00', 0, 1, '2018-02-13 08:05:16', '2018-02-20 02:37:15'),
(152, '', 'Ruku Gucci', '8ml', '', 'no-foto.png', '285.00', '315.00', 1, 1, '2018-02-13 08:05:46', '2018-02-13 08:05:46'),
(153, '', 'Bedouin Joopy', '6ml', '', 'no-foto.png', '123.00', '150.00', 1, 1, '2018-02-13 08:28:49', '2018-02-13 08:28:49'),
(154, '', 'Bedouin Infi man', '6ml', '', 'no-foto.png', '123.00', '150.00', 2, 1, '2018-02-13 08:29:25', '2018-02-13 08:29:25'),
(155, '', 'Bedouin Hogo Boss', '6ml', '', 'no-foto.png', '123.00', '150.00', 2, 1, '2018-02-13 08:30:01', '2018-02-13 08:30:01'),
(156, '', 'Bedouin CK1', '6ml', '', 'no-foto.png', '123.00', '150.00', 1, 1, '2018-02-13 08:30:31', '2018-02-13 08:30:31'),
(157, '', 'Bedouin Fogg', '6ml', '', 'no-foto.png', '123.00', '150.00', 1, 1, '2018-02-13 08:31:20', '2018-02-13 08:31:20'),
(158, '', 'Bedouin Daffodil', '6ml', '', 'no-foto.png', '123.00', '150.00', 1, 1, '2018-02-13 08:33:16', '2018-02-13 08:33:16'),
(159, '', 'Bedouin Armani Man', '6ml', '', 'no-foto.png', '123.00', '150.00', 1, 1, '2018-02-13 08:33:38', '2018-02-13 08:33:38'),
(160, '', 'Bedouin C W Bedouin', '6ml', '', 'no-foto.png', '146.00', '300.00', 1, 1, '2018-02-13 08:34:08', '2018-02-13 08:34:08'),
(161, '', 'Bedouin Coolwater', '6ml', '', 'no-foto.png', '123.00', '150.00', 1, 1, '2018-02-13 08:34:35', '2018-02-13 08:34:35'),
(162, '', 'Olive oil Shorobor', '225g', '', 'no-foto.png', '320.00', '350.00', 1, 1, '2018-02-17 07:53:29', '2018-02-20 03:12:22'),
(163, '', 'Superman', 's', '', 'no-foto.png', '130.00', '250.00', 97, 1, '2018-02-17 08:44:00', '2018-02-17 08:52:27'),
(164, '', 'Ruku  Sabar', 's', '', 'no-foto.png', '130.00', '250.00', 99, 1, '2018-02-17 08:44:59', '2018-02-17 08:52:27'),
(165, '', 'Ruku Hand Sleeves', '', '', 'no-foto.png', '85.00', '150.00', 99, 1, '2018-02-17 08:46:24', '2018-02-18 07:27:34'),
(166, '', 'Ruku Satorkobartha', '', '', 'no-foto.png', '85.00', '95.00', 99, 1, '2018-02-17 08:48:09', '2018-02-17 08:52:27'),
(167, '', 'Ruku Hud Kisas', '', '', 'no-foto.png', '60.00', '70.00', 99, 1, '2018-02-17 08:49:16', '2018-02-17 08:52:27'),
(168, '', 'Ruku Tabien', '', '', 'no-foto.png', '250.00', '265.00', 99, 1, '2018-02-17 08:50:06', '2018-02-17 08:52:27'),
(169, '', 'Ruku SupermanT-shirt ', '', '', 'no-foto.png', '130.00', '250.00', 99, 1, '2018-02-18 05:50:12', '2018-02-18 07:07:39'),
(170, '', 'Ruku Baqara T-shirt(half.S)', '', '', 'no-foto.png', '130.00', '250.00', 99, 1, '2018-02-18 05:50:47', '2018-02-18 07:04:21'),
(171, '', 'Zafran ', '', '', 'no-foto.png', '400.00', '450.00', 2, 1, '2018-02-18 07:29:19', '2018-02-18 07:29:19'),
(172, '', 'Ruku Frame(Small)', '5R', '', 'no-foto.png', '90.00', '180.00', 91, 1, '2018-02-18 08:04:01', '2018-02-18 08:07:06'),
(173, '', 'Ruku Frame(Large)', '12R/14R', '', 'no-foto.png', '280.00', '350.00', 100, 1, '2018-02-18 08:05:26', '2018-02-18 08:05:26'),
(174, '', '1 Million', '10ml', '', 'no-foto.png', '390.00', '430.00', 4, 1, '2018-02-19 06:35:53', '2018-02-19 06:38:17'),
(175, '', 'DunHill Desire blue', '10ml', '', 'no-foto.png', '320.00', '370.00', 4, 1, '2018-02-19 06:36:32', '2018-02-19 06:38:17'),
(176, '', 'Teen(fige fruit)', '', '', 'no-foto.png', '180.00', '200.00', 5, 1, '2018-02-19 06:47:09', '2018-02-19 06:47:09'),
(177, '', 'Olitalia', '100ml', '', 'no-foto.png', '160.00', '170.00', 1, 1, '2018-02-19 08:09:56', '2018-02-19 08:09:56'),
(178, '', 'Poro Book', '', '', 'no-foto.png', '190.00', '200.00', 2, 1, '2018-02-19 08:15:37', '2018-02-19 08:15:37'),
(179, '', 'Surma', '', '', 'no-foto.png', '210.00', '280.00', 1, 1, '2018-02-19 09:41:59', '2018-02-19 09:43:49'),
(180, '', ' Ruku Royal Majma', '4ml', '', 'no-foto.png', '55.00', '90.00', 98, 1, '2018-02-19 09:43:00', '2018-02-25 07:41:19'),
(181, '', 'Al Nuaim Body Sprey', '200ml', '', 'no-foto.png', '220.00', '350.00', 5, 1, '2018-02-25 08:02:24', '2018-02-25 08:02:24'),
(182, '', 'Meswaq(Pen)', '', '', 'no-foto.png', '40.00', '65.00', 140, 1, '2018-02-25 08:03:54', '2018-02-25 09:47:30'),
(183, '', 'Gujrati Tupi', '', '', 'no-foto.png', '150.00', '190.00', 38, 1, '2018-02-25 08:14:04', '2018-02-26 02:54:20'),
(184, '', 'Boloy bawaga Golpo', '', '', 'item184.jpg', '162.00', '190.00', 8, 1, '2018-02-25 09:02:43', '2018-02-25 09:02:43');

-- --------------------------------------------------------

--
-- Table structure for table `item_kit_items`
--

CREATE TABLE `item_kit_items` (
  `id` int(10) UNSIGNED NOT NULL,
  `item_kit_id` int(10) UNSIGNED NOT NULL,
  `item_id` int(10) UNSIGNED NOT NULL,
  `cost_price` decimal(15,2) NOT NULL,
  `selling_price` decimal(15,2) NOT NULL,
  `quantity` int(11) NOT NULL,
  `total_cost_price` decimal(15,2) NOT NULL,
  `total_selling_price` decimal(15,2) NOT NULL,
  `created_at` timestamp NOT NULL DEFAULT '0000-00-00 00:00:00',
  `updated_at` timestamp NOT NULL DEFAULT '0000-00-00 00:00:00'
) ENGINE=InnoDB DEFAULT CHARSET=utf8 COLLATE=utf8_unicode_ci;

-- --------------------------------------------------------

--
-- Table structure for table `item_kit_item_temps`
--

CREATE TABLE `item_kit_item_temps` (
  `id` int(10) UNSIGNED NOT NULL,
  `item_id` int(10) UNSIGNED NOT NULL,
  `cost_price` decimal(15,2) NOT NULL,
  `selling_price` decimal(15,2) NOT NULL,
  `quantity` int(11) NOT NULL,
  `total_cost_price` decimal(15,2) NOT NULL,
  `total_selling_price` decimal(15,2) NOT NULL,
  `created_at` timestamp NOT NULL DEFAULT '0000-00-00 00:00:00',
  `updated_at` timestamp NOT NULL DEFAULT '0000-00-00 00:00:00'
) ENGINE=InnoDB DEFAULT CHARSET=utf8 COLLATE=utf8_unicode_ci;

-- --------------------------------------------------------

--
-- Table structure for table `migrations`
--

CREATE TABLE `migrations` (
  `migration` varchar(255) COLLATE utf8_unicode_ci NOT NULL,
  `batch` int(11) NOT NULL
) ENGINE=InnoDB DEFAULT CHARSET=utf8 COLLATE=utf8_unicode_ci;

--
-- Dumping data for table `migrations`
--

INSERT INTO `migrations` (`migration`, `batch`) VALUES
('2014_10_12_000000_create_users_table', 1),
('2014_10_12_100000_create_password_resets_table', 1),
('2015_05_29_074713_create_customers_table', 1),
('2015_05_30_015027_create_items_table', 1),
('2015_05_30_073533_create_suppliers_table', 1),
('2015_06_02_010425_create_inventories_table', 1),
('2015_06_03_013557_create_receivings_table', 1),
('2015_06_03_134547_create_receiving_temps_table', 1),
('2015_06_06_083156_create_sales_table', 1),
('2015_06_06_083159_create_sale_temps_table', 1),
('2015_06_07_042753_create_receiving_items_table', 1),
('2015_06_08_050821_create_sale_items_table', 1),
('2015_06_12_214916_create_item_kit_item_temps_table', 1),
('2015_06_12_224226_create_item_kit_items_table', 1),
('2015_06_16_163101_create_tutapos_settings_table', 1),
('2015_12_18_070318_create_roles_table', 1),
('2015_12_18_070426_create_user_roles_table', 1);

-- --------------------------------------------------------

--
-- Table structure for table `password_resets`
--

CREATE TABLE `password_resets` (
  `email` varchar(255) COLLATE utf8_unicode_ci NOT NULL,
  `token` varchar(255) COLLATE utf8_unicode_ci NOT NULL,
  `created_at` timestamp NOT NULL DEFAULT '0000-00-00 00:00:00'
) ENGINE=InnoDB DEFAULT CHARSET=utf8 COLLATE=utf8_unicode_ci;

-- --------------------------------------------------------

--
-- Table structure for table `receivings`
--

CREATE TABLE `receivings` (
  `id` int(10) UNSIGNED NOT NULL,
  `supplier_id` int(10) UNSIGNED DEFAULT NULL,
  `user_id` int(10) UNSIGNED NOT NULL,
  `payment_type` varchar(15) COLLATE utf8_unicode_ci DEFAULT NULL,
  `comments` varchar(255) COLLATE utf8_unicode_ci DEFAULT NULL,
  `created_at` timestamp NOT NULL DEFAULT '0000-00-00 00:00:00',
  `updated_at` timestamp NOT NULL DEFAULT '0000-00-00 00:00:00',
  `paidAmount` float NOT NULL
) ENGINE=InnoDB DEFAULT CHARSET=utf8 COLLATE=utf8_unicode_ci;

--
-- Dumping data for table `receivings`
--

INSERT INTO `receivings` (`id`, `supplier_id`, `user_id`, `payment_type`, `comments`, `created_at`, `updated_at`, `paidAmount`) VALUES
(1, 4, 2, 'Cash', '10952', '2018-02-22 07:25:03', '2018-02-22 07:25:03', 5000),
(2, 4, 2, 'Cash', '10952', '2018-02-22 07:25:15', '2018-02-22 07:25:15', 5000);

-- --------------------------------------------------------

--
-- Table structure for table `receiving_items`
--

CREATE TABLE `receiving_items` (
  `id` int(10) UNSIGNED NOT NULL,
  `receiving_id` int(10) UNSIGNED NOT NULL,
  `item_id` int(10) UNSIGNED NOT NULL,
  `cost_price` decimal(9,2) NOT NULL,
  `quantity` int(11) NOT NULL,
  `total_cost` decimal(9,2) NOT NULL,
  `created_at` timestamp NOT NULL DEFAULT '0000-00-00 00:00:00',
  `updated_at` timestamp NOT NULL DEFAULT '0000-00-00 00:00:00',
  `supplier_id` int(11) NOT NULL
) ENGINE=InnoDB DEFAULT CHARSET=utf8 COLLATE=utf8_unicode_ci;

-- --------------------------------------------------------

--
-- Table structure for table `receiving_temps`
--

CREATE TABLE `receiving_temps` (
  `id` int(10) UNSIGNED NOT NULL,
  `item_id` int(10) UNSIGNED NOT NULL,
  `cost_price` decimal(9,2) NOT NULL,
  `quantity` int(11) NOT NULL,
  `total_cost` decimal(9,2) NOT NULL,
  `created_at` timestamp NOT NULL DEFAULT '0000-00-00 00:00:00',
  `updated_at` timestamp NOT NULL DEFAULT '0000-00-00 00:00:00'
) ENGINE=InnoDB DEFAULT CHARSET=utf8 COLLATE=utf8_unicode_ci;

--
-- Dumping data for table `receiving_temps`
--

INSERT INTO `receiving_temps` (`id`, `item_id`, `cost_price`, `quantity`, `total_cost`, `created_at`, `updated_at`) VALUES
(5, 4, '325.00', 1, '325.00', '2018-02-26 07:46:51', '2018-02-26 07:46:51');

-- --------------------------------------------------------

--
-- Table structure for table `roles`
--

CREATE TABLE `roles` (
  `id` int(10) UNSIGNED NOT NULL,
  `role` varchar(255) COLLATE utf8_unicode_ci NOT NULL,
  `created_at` timestamp NOT NULL DEFAULT '0000-00-00 00:00:00',
  `updated_at` timestamp NOT NULL DEFAULT '0000-00-00 00:00:00'
) ENGINE=InnoDB DEFAULT CHARSET=utf8 COLLATE=utf8_unicode_ci;

-- --------------------------------------------------------

--
-- Table structure for table `sales`
--

CREATE TABLE `sales` (
  `id` int(10) UNSIGNED NOT NULL,
  `customer_id` int(10) UNSIGNED DEFAULT NULL,
  `user_id` int(10) UNSIGNED NOT NULL,
  `payment_type` varchar(15) COLLATE utf8_unicode_ci DEFAULT NULL,
  `comments` varchar(255) COLLATE utf8_unicode_ci DEFAULT NULL,
  `created_at` timestamp NOT NULL DEFAULT '0000-00-00 00:00:00',
  `updated_at` timestamp NOT NULL DEFAULT '0000-00-00 00:00:00',
  `discount` float NOT NULL
) ENGINE=InnoDB DEFAULT CHARSET=utf8 COLLATE=utf8_unicode_ci;

--
-- Dumping data for table `sales`
--

INSERT INTO `sales` (`id`, `customer_id`, `user_id`, `payment_type`, `comments`, `created_at`, `updated_at`, `discount`) VALUES
(1, 1, 2, 'Cash', '', '2018-02-04 08:14:49', '2018-02-04 08:14:49', 380),
(2, 1, 2, 'Cash', '', '2018-02-04 08:35:17', '2018-02-04 08:35:17', 200),
(3, 1, 3, 'Cash', '', '2018-02-05 02:15:24', '2018-02-05 02:15:24', 290),
(4, 1, 3, 'Cash', '', '2018-02-05 02:16:21', '2018-02-05 02:16:21', 500),
(5, 1, 2, 'Cash', '', '2018-02-05 07:22:23', '2018-02-05 07:22:23', 0),
(6, 1, 2, 'Cash', '', '2018-02-05 07:25:03', '2018-02-05 07:25:03', 0),
(7, 1, 3, 'Cash', '', '2018-02-06 03:13:50', '2018-02-06 03:13:50', -0),
(8, 1, 3, 'Cash', '', '2018-02-06 05:00:30', '2018-02-06 05:00:30', 570),
(9, 1, 2, 'Cash', '', '2018-02-06 05:34:58', '2018-02-06 05:34:58', 180),
(10, 1, 2, 'Cash', '', '2018-02-06 06:30:33', '2018-02-06 06:30:33', 1400),
(11, 1, 2, 'Cash', '', '2018-02-06 07:07:50', '2018-02-06 07:07:50', 650),
(12, 1, 2, 'Cash', 'Mubin Vai.             special', '2018-02-06 08:35:38', '2018-02-06 08:35:38', 700),
(13, 1, 2, 'Cash', '', '2018-02-07 06:36:39', '2018-02-07 06:36:39', 1000),
(14, 1, 2, 'Cash', '', '2018-02-07 07:24:31', '2018-02-07 07:24:31', 470),
(15, 1, 2, 'Cash', '', '2018-02-07 07:38:20', '2018-02-07 07:38:20', 700),
(16, 1, 3, 'Cash', '', '2018-02-12 05:46:04', '2018-02-12 05:46:04', 123456),
(17, 1, 3, 'Cash', '', '2018-02-12 05:47:15', '2018-02-12 05:47:15', 90),
(18, 1, 3, 'Cash', '50', '2018-02-12 06:22:33', '2018-02-12 06:22:33', 400),
(19, 1, 3, 'Cash', '', '2018-02-12 06:37:38', '2018-02-12 06:37:38', 90),
(20, 1, 2, 'Cash', '', '2018-02-13 08:11:27', '2018-02-13 08:11:27', 300),
(21, 1, 3, 'Cash', '', '2018-02-15 04:32:51', '2018-02-15 04:32:51', 110),
(22, 1, 2, 'Cash', '', '2018-02-15 09:04:43', '2018-02-15 09:04:43', 360),
(23, 1, 3, 'Cash', '6ml', '2018-02-17 01:12:39', '2018-02-17 01:12:39', 315),
(24, 1, 3, 'Cash', '6ml', '2018-02-17 01:15:20', '2018-02-17 01:15:20', 315),
(25, 1, 2, 'Cash', '', '2018-02-17 07:53:49', '2018-02-17 07:53:49', 340),
(26, 1, 2, 'Cash', '', '2018-02-17 08:52:26', '2018-02-17 08:52:26', 2800),
(27, 1, 3, 'Cash', '', '2018-02-18 04:23:01', '2018-02-18 04:23:01', 380),
(28, 1, 2, 'Cash', '', '2018-02-18 05:51:45', '2018-02-18 05:51:45', 480),
(29, 1, 2, 'Cash', '', '2018-02-18 05:53:14', '2018-02-18 05:53:14', 350),
(30, 1, 2, 'Cash', 'Jahed', '2018-02-18 08:07:06', '2018-02-18 08:07:06', 1080),
(31, 1, 2, 'Cash', '', '2018-02-18 09:11:45', '2018-02-18 09:11:45', 400),
(32, 1, 2, 'Cash', '', '2018-02-18 09:16:32', '2018-02-18 09:16:32', 120),
(33, 1, 2, 'Cash', '', '2018-02-18 09:48:47', '2018-02-18 09:48:47', 1350),
(34, 1, 3, 'Cash', '', '2018-02-19 03:21:16', '2018-02-19 03:21:16', 380),
(35, 1, 2, 'Cash', '', '2018-02-19 06:38:17', '2018-02-19 06:38:17', 1160),
(36, 1, 2, 'Cash', '', '2018-02-19 07:28:05', '2018-02-19 07:28:05', 90),
(37, 1, 2, 'Cash', '', '2018-02-19 08:51:06', '2018-02-19 08:51:06', 3400),
(38, 1, 2, 'Cash', '', '2018-02-19 09:43:49', '2018-02-19 09:43:49', 350),
(39, 1, 3, 'Cash', ' ', '2018-02-20 00:06:27', '2018-02-20 00:06:27', 400),
(40, 1, 3, 'Cash', '', '2018-02-20 02:37:15', '2018-02-20 02:37:15', 335),
(41, 1, 3, 'Cash', '', '2018-02-20 03:12:22', '2018-02-20 03:12:22', 350),
(42, 1, 3, 'Cash', '', '2018-02-20 05:33:48', '2018-02-20 05:33:48', 360),
(43, 1, 2, 'Cash', '', '2018-02-20 08:12:49', '2018-02-20 08:12:49', 180),
(44, 1, 3, 'Cash', '', '2018-02-20 23:53:22', '2018-02-20 23:53:22', 120),
(45, 1, 3, 'Cash', '', '2018-02-21 05:14:15', '2018-02-21 05:14:15', 90),
(46, 1, 3, 'Cash', '', '2018-02-21 05:17:35', '2018-02-21 05:17:35', 220),
(47, 1, 3, 'Cash', '', '2018-02-21 07:14:32', '2018-02-21 07:14:32', 360),
(48, 1, 3, 'Cash', '', '2018-02-21 07:28:54', '2018-02-21 07:28:54', 650),
(49, 1, 3, 'Cash', '', '2018-02-21 07:29:59', '2018-02-21 07:29:59', 432),
(50, 1, 3, 'Cash', '', '2018-02-22 07:56:17', '2018-02-22 07:56:17', 150),
(51, 1, 3, 'Cash', '', '2018-02-24 00:38:33', '2018-02-24 00:38:33', 410),
(52, 1, 3, 'Cash', '', '2018-02-24 07:41:33', '2018-02-24 07:41:33', 190),
(53, 1, 3, 'Cash', '', '2018-02-25 05:35:02', '2018-02-25 05:35:02', 80),
(54, 1, 3, 'Cash', '', '2018-02-25 07:41:19', '2018-02-25 07:41:19', 90),
(55, 1, 3, 'Cash', '', '2018-02-25 07:48:01', '2018-02-25 07:48:01', 1200),
(56, 1, 2, 'Cash', 'Jp Joy', '2018-02-25 08:46:45', '2018-02-25 08:46:45', 560),
(57, 12, 2, 'Cash', '', '2018-02-25 09:43:45', '2018-02-25 09:43:45', 350),
(58, 1, 2, 'Cash', '', '2018-02-25 09:47:30', '2018-02-25 09:47:30', 50),
(59, 13, 3, 'Cash', 'Taka nai, ana fakirun. Due', '2018-02-26 00:50:54', '2018-02-26 00:50:54', 180),
(60, 1, 3, 'Cash', '20', '2018-02-26 02:54:20', '2018-02-26 02:54:20', 170),
(61, 1, 3, 'Cash', 'Hadiya akta Ruku', '2018-02-26 06:38:45', '2018-02-26 06:38:45', 320);

-- --------------------------------------------------------

--
-- Table structure for table `sale_items`
--

CREATE TABLE `sale_items` (
  `id` int(10) UNSIGNED NOT NULL,
  `sale_id` int(10) UNSIGNED NOT NULL,
  `item_id` int(10) UNSIGNED NOT NULL,
  `cost_price` decimal(15,2) NOT NULL,
  `selling_price` decimal(15,2) NOT NULL,
  `quantity` int(11) NOT NULL,
  `total_cost` decimal(15,2) NOT NULL,
  `total_selling` decimal(15,2) NOT NULL,
  `created_at` timestamp NOT NULL DEFAULT '0000-00-00 00:00:00',
  `updated_at` timestamp NOT NULL DEFAULT '0000-00-00 00:00:00'
) ENGINE=InnoDB DEFAULT CHARSET=utf8 COLLATE=utf8_unicode_ci;

--
-- Dumping data for table `sale_items`
--

INSERT INTO `sale_items` (`id`, `sale_id`, `item_id`, `cost_price`, `selling_price`, `quantity`, `total_cost`, `total_selling`, `created_at`, `updated_at`) VALUES
(1, 1, 4, '325.00', '380.00', 1, '325.00', '380.00', '2018-02-04 08:14:49', '2018-02-04 08:14:49'),
(2, 2, 11, '170.00', '220.00', 1, '170.00', '220.00', '2018-02-04 08:35:17', '2018-02-04 08:35:17'),
(3, 3, 2, '240.00', '290.00', 1, '240.00', '290.00', '2018-02-05 02:15:24', '2018-02-05 02:15:24'),
(4, 4, 1, '450.00', '650.00', 1, '450.00', '650.00', '2018-02-05 02:16:22', '2018-02-05 02:16:22'),
(5, 5, 34, '600.00', '800.00', 1, '600.00', '800.00', '2018-02-05 07:22:23', '2018-02-05 07:22:23'),
(6, 6, 34, '600.00', '800.00', 1, '600.00', '800.00', '2018-02-05 07:25:03', '2018-02-05 07:25:03'),
(7, 7, 31, '1000.00', '1100.00', 1, '1000.00', '1100.00', '2018-02-06 03:13:50', '2018-02-06 03:13:50'),
(8, 8, 35, '220.00', '240.00', 1, '220.00', '240.00', '2018-02-06 05:00:30', '2018-02-06 05:00:30'),
(9, 8, 12, '170.00', '182.00', 2, '340.00', '364.00', '2018-02-06 05:00:30', '2018-02-06 05:00:30'),
(10, 9, 12, '170.00', '182.00', 1, '170.00', '182.00', '2018-02-06 05:34:58', '2018-02-06 05:34:58'),
(11, 10, 39, '250.00', '315.00', 1, '250.00', '315.00', '2018-02-06 06:30:33', '2018-02-06 06:30:33'),
(12, 10, 36, '280.00', '450.00', 1, '280.00', '450.00', '2018-02-06 06:30:33', '2018-02-06 06:30:33'),
(13, 10, 38, '250.00', '350.00', 2, '500.00', '700.00', '2018-02-06 06:30:33', '2018-02-06 06:30:33'),
(14, 11, 36, '280.00', '450.00', 1, '280.00', '450.00', '2018-02-06 07:07:50', '2018-02-06 07:07:50'),
(15, 11, 40, '150.00', '200.00', 1, '150.00', '200.00', '2018-02-06 07:07:50', '2018-02-06 07:07:50'),
(16, 12, 34, '600.00', '800.00', 1, '600.00', '800.00', '2018-02-06 08:35:38', '2018-02-06 08:35:38'),
(17, 13, 34, '600.00', '800.00', 1, '600.00', '800.00', '2018-02-07 06:36:39', '2018-02-07 06:36:39'),
(18, 13, 53, '170.00', '220.00', 1, '170.00', '220.00', '2018-02-07 06:36:39', '2018-02-07 06:36:39'),
(19, 14, 4, '325.00', '380.00', 1, '325.00', '380.00', '2018-02-07 07:24:31', '2018-02-07 07:24:31'),
(20, 14, 15, '35.00', '90.00', 1, '35.00', '90.00', '2018-02-07 07:24:32', '2018-02-07 07:24:32'),
(21, 15, 16, '220.00', '300.00', 1, '220.00', '300.00', '2018-02-07 07:38:20', '2018-02-07 07:38:20'),
(22, 15, 36, '280.00', '450.00', 1, '280.00', '450.00', '2018-02-07 07:38:21', '2018-02-07 07:38:21'),
(23, 17, 15, '35.00', '90.00', 1, '35.00', '90.00', '2018-02-12 05:47:15', '2018-02-12 05:47:15'),
(24, 18, 36, '280.00', '450.00', 1, '280.00', '450.00', '2018-02-12 06:22:33', '2018-02-12 06:22:33'),
(25, 19, 15, '35.00', '90.00', 1, '35.00', '90.00', '2018-02-12 06:37:38', '2018-02-12 06:37:38'),
(26, 20, 38, '250.00', '350.00', 1, '250.00', '350.00', '2018-02-13 08:11:27', '2018-02-13 08:11:27'),
(27, 21, 72, '88.00', '110.00', 1, '88.00', '110.00', '2018-02-15 04:32:51', '2018-02-15 04:32:51'),
(28, 22, 4, '325.00', '380.00', 1, '325.00', '380.00', '2018-02-15 09:04:43', '2018-02-15 09:04:43'),
(29, 23, 39, '250.00', '315.00', 1, '250.00', '315.00', '2018-02-17 01:12:39', '2018-02-17 01:12:39'),
(30, 25, 162, '320.00', '350.00', 1, '320.00', '350.00', '2018-02-17 07:53:49', '2018-02-17 07:53:49'),
(31, 26, 135, '170.00', '320.00', 2, '340.00', '640.00', '2018-02-17 08:52:26', '2018-02-17 08:52:26'),
(32, 26, 123, '170.00', '320.00', 2, '340.00', '640.00', '2018-02-17 08:52:26', '2018-02-17 08:52:26'),
(33, 26, 163, '130.00', '250.00', 3, '390.00', '750.00', '2018-02-17 08:52:26', '2018-02-17 08:52:26'),
(34, 26, 164, '130.00', '250.00', 1, '130.00', '250.00', '2018-02-17 08:52:27', '2018-02-17 08:52:27'),
(35, 26, 165, '85.00', '150.00', 1, '85.00', '150.00', '2018-02-17 08:52:27', '2018-02-17 08:52:27'),
(36, 26, 40, '150.00', '200.00', 1, '150.00', '200.00', '2018-02-17 08:52:27', '2018-02-17 08:52:27'),
(37, 26, 167, '60.00', '70.00', 1, '60.00', '70.00', '2018-02-17 08:52:27', '2018-02-17 08:52:27'),
(38, 26, 168, '250.00', '265.00', 1, '250.00', '265.00', '2018-02-17 08:52:27', '2018-02-17 08:52:27'),
(39, 26, 166, '85.00', '95.00', 1, '85.00', '95.00', '2018-02-17 08:52:27', '2018-02-17 08:52:27'),
(40, 27, 4, '325.00', '380.00', 1, '325.00', '380.00', '2018-02-18 04:23:01', '2018-02-18 04:23:01'),
(41, 28, 170, '130.00', '250.00', 1, '130.00', '250.00', '2018-02-18 05:51:45', '2018-02-18 05:51:45'),
(42, 28, 169, '130.00', '250.00', 1, '130.00', '250.00', '2018-02-18 05:51:45', '2018-02-18 05:51:45'),
(43, 29, 38, '250.00', '350.00', 1, '250.00', '350.00', '2018-02-18 05:53:14', '2018-02-18 05:53:14'),
(44, 30, 172, '90.00', '180.00', 9, '810.00', '1620.00', '2018-02-18 08:07:06', '2018-02-18 08:07:06'),
(45, 31, 51, '178.00', '220.00', 1, '178.00', '220.00', '2018-02-18 09:11:46', '2018-02-18 09:11:46'),
(46, 31, 40, '150.00', '200.00', 1, '150.00', '200.00', '2018-02-18 09:11:46', '2018-02-18 09:11:46'),
(47, 32, 68, '96.00', '120.00', 1, '96.00', '120.00', '2018-02-18 09:16:32', '2018-02-18 09:16:32'),
(48, 33, 31, '1287.00', '1350.00', 1, '1287.00', '1350.00', '2018-02-18 09:48:47', '2018-02-18 09:48:47'),
(49, 34, 4, '325.00', '380.00', 1, '325.00', '380.00', '2018-02-19 03:21:16', '2018-02-19 03:21:16'),
(50, 35, 174, '390.00', '430.00', 1, '390.00', '430.00', '2018-02-19 06:38:17', '2018-02-19 06:38:17'),
(51, 35, 175, '320.00', '370.00', 1, '320.00', '370.00', '2018-02-19 06:38:17', '2018-02-19 06:38:17'),
(52, 35, 4, '325.00', '380.00', 1, '325.00', '380.00', '2018-02-19 06:38:17', '2018-02-19 06:38:17'),
(53, 36, 15, '35.00', '90.00', 1, '35.00', '90.00', '2018-02-19 07:28:05', '2018-02-19 07:28:05'),
(54, 37, 31, '1287.00', '1350.00', 1, '1287.00', '1350.00', '2018-02-19 08:51:06', '2018-02-19 08:51:06'),
(55, 37, 14, '718.00', '850.00', 1, '718.00', '850.00', '2018-02-19 08:51:06', '2018-02-19 08:51:06'),
(56, 37, 14, '718.00', '850.00', 1, '718.00', '850.00', '2018-02-19 08:51:06', '2018-02-19 08:51:06'),
(57, 37, 4, '325.00', '380.00', 1, '325.00', '380.00', '2018-02-19 08:51:07', '2018-02-19 08:51:07'),
(58, 38, 179, '210.00', '280.00', 1, '210.00', '280.00', '2018-02-19 09:43:49', '2018-02-19 09:43:49'),
(59, 38, 180, '55.00', '90.00', 1, '55.00', '90.00', '2018-02-19 09:43:49', '2018-02-19 09:43:49'),
(60, 39, 30, '320.00', '400.00', 1, '320.00', '400.00', '2018-02-20 00:06:27', '2018-02-20 00:06:27'),
(61, 40, 151, '290.00', '335.00', 1, '290.00', '335.00', '2018-02-20 02:37:15', '2018-02-20 02:37:15'),
(62, 41, 162, '320.00', '350.00', 1, '320.00', '350.00', '2018-02-20 03:12:22', '2018-02-20 03:12:22'),
(63, 42, 4, '325.00', '380.00', 1, '325.00', '380.00', '2018-02-20 05:33:48', '2018-02-20 05:33:48'),
(64, 43, 60, '144.00', '180.00', 1, '144.00', '180.00', '2018-02-20 08:12:49', '2018-02-20 08:12:49'),
(65, 44, 69, '96.00', '120.00', 1, '96.00', '120.00', '2018-02-20 23:53:22', '2018-02-20 23:53:22'),
(66, 45, 15, '35.00', '90.00', 1, '35.00', '90.00', '2018-02-21 05:14:15', '2018-02-21 05:14:15'),
(67, 46, 88, '181.00', '220.00', 1, '181.00', '220.00', '2018-02-21 05:17:35', '2018-02-21 05:17:35'),
(68, 47, 63, '112.00', '140.00', 1, '112.00', '140.00', '2018-02-21 07:14:32', '2018-02-21 07:14:32'),
(69, 47, 76, '186.00', '220.00', 1, '186.00', '220.00', '2018-02-21 07:14:32', '2018-02-21 07:14:32'),
(70, 48, 1, '450.00', '650.00', 1, '450.00', '650.00', '2018-02-21 07:28:54', '2018-02-21 07:28:54'),
(71, 49, 12, '170.00', '182.00', 1, '170.00', '182.00', '2018-02-21 07:29:59', '2018-02-21 07:29:59'),
(72, 49, 48, '210.00', '250.00', 1, '210.00', '250.00', '2018-02-21 07:29:59', '2018-02-21 07:29:59'),
(73, 50, 61, '120.00', '150.00', 1, '120.00', '150.00', '2018-02-22 07:56:17', '2018-02-22 07:56:17'),
(74, 51, 59, '112.00', '140.00', 1, '112.00', '140.00', '2018-02-24 00:38:33', '2018-02-24 00:38:33'),
(75, 51, 80, '164.00', '200.00', 1, '164.00', '200.00', '2018-02-24 00:38:33', '2018-02-24 00:38:33'),
(76, 51, 15, '35.00', '90.00', 1, '35.00', '90.00', '2018-02-24 00:38:33', '2018-02-24 00:38:33'),
(77, 52, 82, '155.00', '190.00', 1, '155.00', '190.00', '2018-02-24 07:41:33', '2018-02-24 07:41:33'),
(78, 53, 15, '35.00', '90.00', 1, '35.00', '90.00', '2018-02-25 05:35:02', '2018-02-25 05:35:02'),
(79, 54, 180, '55.00', '90.00', 1, '55.00', '90.00', '2018-02-25 07:41:19', '2018-02-25 07:41:19'),
(80, 55, 4, '325.00', '380.00', 1, '325.00', '380.00', '2018-02-25 07:48:01', '2018-02-25 07:48:01'),
(81, 55, 14, '718.00', '850.00', 1, '718.00', '850.00', '2018-02-25 07:48:01', '2018-02-25 07:48:01'),
(82, 56, 38, '250.00', '350.00', 2, '500.00', '700.00', '2018-02-25 08:46:45', '2018-02-25 08:46:45'),
(83, 57, 4, '325.00', '380.00', 1, '325.00', '380.00', '2018-02-25 09:43:45', '2018-02-25 09:43:45'),
(84, 58, 182, '40.00', '65.00', 1, '40.00', '65.00', '2018-02-25 09:47:30', '2018-02-25 09:47:30'),
(85, 59, 183, '150.00', '190.00', 1, '150.00', '190.00', '2018-02-26 00:50:54', '2018-02-26 00:50:54'),
(86, 60, 183, '150.00', '190.00', 1, '150.00', '190.00', '2018-02-26 02:54:20', '2018-02-26 02:54:20'),
(87, 61, 123, '170.00', '320.00', 1, '170.00', '320.00', '2018-02-26 06:38:45', '2018-02-26 06:38:45');

-- --------------------------------------------------------

--
-- Table structure for table `sale_temps`
--

CREATE TABLE `sale_temps` (
  `id` int(10) UNSIGNED NOT NULL,
  `item_id` int(10) UNSIGNED NOT NULL,
  `cost_price` decimal(9,2) NOT NULL,
  `selling_price` decimal(9,2) NOT NULL,
  `quantity` int(11) NOT NULL,
  `total_cost` decimal(9,2) NOT NULL,
  `total_selling` decimal(9,2) NOT NULL,
  `created_at` timestamp NOT NULL DEFAULT '0000-00-00 00:00:00',
  `updated_at` timestamp NOT NULL DEFAULT '0000-00-00 00:00:00'
) ENGINE=InnoDB DEFAULT CHARSET=utf8 COLLATE=utf8_unicode_ci;

--
-- Dumping data for table `sale_temps`
--

INSERT INTO `sale_temps` (`id`, `item_id`, `cost_price`, `selling_price`, `quantity`, `total_cost`, `total_selling`, `created_at`, `updated_at`) VALUES
(2, 1, '450.00', '650.00', 1, '450.00', '650.00', '2018-02-26 07:43:37', '2018-02-26 07:43:37');

-- --------------------------------------------------------

--
-- Table structure for table `suppliers`
--

CREATE TABLE `suppliers` (
  `id` int(10) UNSIGNED NOT NULL,
  `company_name` varchar(100) COLLATE utf8_unicode_ci NOT NULL,
  `name` varchar(100) COLLATE utf8_unicode_ci NOT NULL,
  `email` varchar(30) COLLATE utf8_unicode_ci NOT NULL,
  `phone_number` varchar(20) COLLATE utf8_unicode_ci NOT NULL,
  `avatar` varchar(255) COLLATE utf8_unicode_ci NOT NULL DEFAULT 'no-foto.png',
  `address` varchar(255) COLLATE utf8_unicode_ci NOT NULL,
  `city` varchar(20) COLLATE utf8_unicode_ci NOT NULL,
  `state` varchar(30) COLLATE utf8_unicode_ci NOT NULL,
  `zip` varchar(10) COLLATE utf8_unicode_ci NOT NULL,
  `comments` text COLLATE utf8_unicode_ci NOT NULL,
  `account` varchar(20) COLLATE utf8_unicode_ci NOT NULL,
  `created_at` timestamp NOT NULL DEFAULT '0000-00-00 00:00:00',
  `updated_at` timestamp NOT NULL DEFAULT '0000-00-00 00:00:00'
) ENGINE=InnoDB DEFAULT CHARSET=utf8 COLLATE=utf8_unicode_ci;

--
-- Dumping data for table `suppliers`
--

INSERT INTO `suppliers` (`id`, `company_name`, `name`, `email`, `phone_number`, `avatar`, `address`, `city`, `state`, `zip`, `comments`, `account`, `created_at`, `updated_at`) VALUES
(1, 'ismail', 'ismail', '', '12312312312', 'no-foto.png', 'dhaka', 'dhaka', 'dhaka', '', '', '', '2018-01-10 06:01:32', '2018-01-10 06:01:32'),
(2, 'Ottoman', '', '', '0171122334455', 'no-foto.png', 'Sylhet', 'Sylhet', 'sylhet', 'sylhet', '', '', '2018-01-25 01:57:16', '2018-01-29 07:21:34'),
(3, 'Alwan Honey', 'Alwan', '', '01737263399', 'no-foto.png', 'Chittaagong', '', '', '', '', '', '2018-01-29 07:37:25', '2018-01-29 07:37:25'),
(4, 'Beduoin', 'bedu', '', '01742304690', 'no-foto.png', '64/1,bijoy Nagar Road,dhaka-1000', 'Dhaka', '', '1000', '', '15250.1051512121', '2018-02-22 06:57:36', '2018-02-22 07:30:14');

-- --------------------------------------------------------

--
-- Table structure for table `tutapos_settings`
--

CREATE TABLE `tutapos_settings` (
  `id` int(10) UNSIGNED NOT NULL,
  `languange` varchar(5) COLLATE utf8_unicode_ci NOT NULL DEFAULT 'en',
  `created_at` timestamp NOT NULL DEFAULT '0000-00-00 00:00:00',
  `updated_at` timestamp NOT NULL DEFAULT '0000-00-00 00:00:00'
) ENGINE=InnoDB DEFAULT CHARSET=utf8 COLLATE=utf8_unicode_ci;

--
-- Dumping data for table `tutapos_settings`
--

INSERT INTO `tutapos_settings` (`id`, `languange`, `created_at`, `updated_at`) VALUES
(1, 'en', '0000-00-00 00:00:00', '0000-00-00 00:00:00');

-- --------------------------------------------------------

--
-- Table structure for table `users`
--

CREATE TABLE `users` (
  `id` int(10) UNSIGNED NOT NULL,
  `name` varchar(255) COLLATE utf8_unicode_ci NOT NULL,
  `email` varchar(255) COLLATE utf8_unicode_ci NOT NULL,
  `password` varchar(60) COLLATE utf8_unicode_ci NOT NULL,
  `remember_token` varchar(100) COLLATE utf8_unicode_ci DEFAULT NULL,
  `created_at` timestamp NOT NULL DEFAULT '0000-00-00 00:00:00',
  `updated_at` timestamp NOT NULL DEFAULT '0000-00-00 00:00:00',
  `type` int(11) NOT NULL DEFAULT '0'
) ENGINE=InnoDB DEFAULT CHARSET=utf8 COLLATE=utf8_unicode_ci;

--
-- Dumping data for table `users`
--

INSERT INTO `users` (`id`, `name`, `email`, `password`, `remember_token`, `created_at`, `updated_at`, `type`) VALUES
(1, 'admin', 'admin@ruku.com', '$2y$10$WO6Jb/1qPsTTwpf5Dlc4xOXulSUlFuWFcQ8PR9NEG3ravCJZ0XO7K', 'xkR2NF2LFmOz5UJ4sCGMj44SO5Iy6MBfq9PKxBCjl6WPFxdDWOaVPkKlXnje', '0000-00-00 00:00:00', '2018-01-24 05:32:42', 0),
(2, 'Mubin', 'mubin@ruku.com', '$2y$10$WO6Jb/1qPsTTwpf5Dlc4xOXulSUlFuWFcQ8PR9NEG3ravCJZ0XO7K', 'xXZfWNxlX2Yez5iE2rRI7Zb0hNluJXh7AO4z7Mo1NoFdtsix7YjDAkHhTSBx', '2018-01-14 05:15:39', '2018-02-22 07:34:00', 0),
(3, 'sale', 'sale@ruku', '$2y$10$b0N8.2DJLm7VfYoYa4FB9e2zorw58S5Rd6IW/wgPiQ3UzpnOa.zsW', 'T0dyxMnNqW8YX3MYO5jBsqeWhhxo9kiaKIYcQuTtToOxhIippbep8yWLODoG', '2018-01-23 06:49:54', '2018-02-26 06:42:58', 0);

-- --------------------------------------------------------

--
-- Table structure for table `user_roles`
--

CREATE TABLE `user_roles` (
  `id` int(10) UNSIGNED NOT NULL,
  `user_id` int(11) NOT NULL,
  `role_id` int(11) NOT NULL,
  `created_at` timestamp NOT NULL DEFAULT '0000-00-00 00:00:00',
  `updated_at` timestamp NOT NULL DEFAULT '0000-00-00 00:00:00'
) ENGINE=InnoDB DEFAULT CHARSET=utf8 COLLATE=utf8_unicode_ci;

--
-- Indexes for dumped tables
--

--
-- Indexes for table `customers`
--
ALTER TABLE `customers`
  ADD PRIMARY KEY (`id`);

--
-- Indexes for table `discount`
--
ALTER TABLE `discount`
  ADD PRIMARY KEY (`id`),
  ADD KEY `sale_items_sale_id_foreign` (`sale_id`),
  ADD KEY `sale_items_item_id_foreign` (`item_id`);

--
-- Indexes for table `expense`
--
ALTER TABLE `expense`
  ADD PRIMARY KEY (`id`);

--
-- Indexes for table `inventories`
--
ALTER TABLE `inventories`
  ADD PRIMARY KEY (`id`),
  ADD KEY `inventories_item_id_foreign` (`item_id`),
  ADD KEY `inventories_user_id_foreign` (`user_id`),
  ADD KEY `item_id` (`item_id`);

--
-- Indexes for table `items`
--
ALTER TABLE `items`
  ADD PRIMARY KEY (`id`);

--
-- Indexes for table `item_kit_items`
--
ALTER TABLE `item_kit_items`
  ADD PRIMARY KEY (`id`),
  ADD KEY `item_kit_items_item_kit_id_foreign` (`item_kit_id`),
  ADD KEY `item_kit_items_item_id_foreign` (`item_id`);

--
-- Indexes for table `item_kit_item_temps`
--
ALTER TABLE `item_kit_item_temps`
  ADD PRIMARY KEY (`id`),
  ADD KEY `item_kit_item_temps_item_id_foreign` (`item_id`);

--
-- Indexes for table `password_resets`
--
ALTER TABLE `password_resets`
  ADD KEY `password_resets_email_index` (`email`),
  ADD KEY `password_resets_token_index` (`token`);

--
-- Indexes for table `receivings`
--
ALTER TABLE `receivings`
  ADD PRIMARY KEY (`id`),
  ADD KEY `receivings_supplier_id_foreign` (`supplier_id`),
  ADD KEY `receivings_user_id_foreign` (`user_id`);

--
-- Indexes for table `receiving_items`
--
ALTER TABLE `receiving_items`
  ADD PRIMARY KEY (`id`),
  ADD KEY `receiving_items_receiving_id_foreign` (`receiving_id`),
  ADD KEY `receiving_items_item_id_foreign` (`item_id`);

--
-- Indexes for table `receiving_temps`
--
ALTER TABLE `receiving_temps`
  ADD PRIMARY KEY (`id`),
  ADD KEY `receiving_temps_item_id_foreign` (`item_id`);

--
-- Indexes for table `roles`
--
ALTER TABLE `roles`
  ADD PRIMARY KEY (`id`);

--
-- Indexes for table `sales`
--
ALTER TABLE `sales`
  ADD PRIMARY KEY (`id`),
  ADD KEY `sales_customer_id_foreign` (`customer_id`),
  ADD KEY `sales_user_id_foreign` (`user_id`);

--
-- Indexes for table `sale_items`
--
ALTER TABLE `sale_items`
  ADD PRIMARY KEY (`id`),
  ADD KEY `sale_items_sale_id_foreign` (`sale_id`),
  ADD KEY `sale_items_item_id_foreign` (`item_id`);

--
-- Indexes for table `sale_temps`
--
ALTER TABLE `sale_temps`
  ADD PRIMARY KEY (`id`),
  ADD KEY `sale_temps_item_id_foreign` (`item_id`);

--
-- Indexes for table `suppliers`
--
ALTER TABLE `suppliers`
  ADD PRIMARY KEY (`id`);

--
-- Indexes for table `tutapos_settings`
--
ALTER TABLE `tutapos_settings`
  ADD PRIMARY KEY (`id`);

--
-- Indexes for table `users`
--
ALTER TABLE `users`
  ADD PRIMARY KEY (`id`),
  ADD UNIQUE KEY `users_email_unique` (`email`);

--
-- Indexes for table `user_roles`
--
ALTER TABLE `user_roles`
  ADD PRIMARY KEY (`id`);

--
-- AUTO_INCREMENT for dumped tables
--

--
-- AUTO_INCREMENT for table `customers`
--
ALTER TABLE `customers`
  MODIFY `id` int(10) UNSIGNED NOT NULL AUTO_INCREMENT, AUTO_INCREMENT=15;

--
-- AUTO_INCREMENT for table `discount`
--
ALTER TABLE `discount`
  MODIFY `id` int(10) UNSIGNED NOT NULL AUTO_INCREMENT;

--
-- AUTO_INCREMENT for table `expense`
--
ALTER TABLE `expense`
  MODIFY `id` int(10) UNSIGNED NOT NULL AUTO_INCREMENT, AUTO_INCREMENT=11;

--
-- AUTO_INCREMENT for table `inventories`
--
ALTER TABLE `inventories`
  MODIFY `id` int(10) UNSIGNED NOT NULL AUTO_INCREMENT, AUTO_INCREMENT=349;

--
-- AUTO_INCREMENT for table `items`
--
ALTER TABLE `items`
  MODIFY `id` int(10) UNSIGNED NOT NULL AUTO_INCREMENT, AUTO_INCREMENT=185;

--
-- AUTO_INCREMENT for table `item_kit_items`
--
ALTER TABLE `item_kit_items`
  MODIFY `id` int(10) UNSIGNED NOT NULL AUTO_INCREMENT;

--
-- AUTO_INCREMENT for table `item_kit_item_temps`
--
ALTER TABLE `item_kit_item_temps`
  MODIFY `id` int(10) UNSIGNED NOT NULL AUTO_INCREMENT;

--
-- AUTO_INCREMENT for table `receivings`
--
ALTER TABLE `receivings`
  MODIFY `id` int(10) UNSIGNED NOT NULL AUTO_INCREMENT, AUTO_INCREMENT=3;

--
-- AUTO_INCREMENT for table `receiving_items`
--
ALTER TABLE `receiving_items`
  MODIFY `id` int(10) UNSIGNED NOT NULL AUTO_INCREMENT;

--
-- AUTO_INCREMENT for table `receiving_temps`
--
ALTER TABLE `receiving_temps`
  MODIFY `id` int(10) UNSIGNED NOT NULL AUTO_INCREMENT, AUTO_INCREMENT=6;

--
-- AUTO_INCREMENT for table `roles`
--
ALTER TABLE `roles`
  MODIFY `id` int(10) UNSIGNED NOT NULL AUTO_INCREMENT;

--
-- AUTO_INCREMENT for table `sales`
--
ALTER TABLE `sales`
  MODIFY `id` int(10) UNSIGNED NOT NULL AUTO_INCREMENT, AUTO_INCREMENT=62;

--
-- AUTO_INCREMENT for table `sale_items`
--
ALTER TABLE `sale_items`
  MODIFY `id` int(10) UNSIGNED NOT NULL AUTO_INCREMENT, AUTO_INCREMENT=88;

--
-- AUTO_INCREMENT for table `sale_temps`
--
ALTER TABLE `sale_temps`
  MODIFY `id` int(10) UNSIGNED NOT NULL AUTO_INCREMENT, AUTO_INCREMENT=3;

--
-- AUTO_INCREMENT for table `suppliers`
--
ALTER TABLE `suppliers`
  MODIFY `id` int(10) UNSIGNED NOT NULL AUTO_INCREMENT, AUTO_INCREMENT=5;

--
-- AUTO_INCREMENT for table `tutapos_settings`
--
ALTER TABLE `tutapos_settings`
  MODIFY `id` int(10) UNSIGNED NOT NULL AUTO_INCREMENT, AUTO_INCREMENT=2;

--
-- AUTO_INCREMENT for table `users`
--
ALTER TABLE `users`
  MODIFY `id` int(10) UNSIGNED NOT NULL AUTO_INCREMENT, AUTO_INCREMENT=4;

--
-- AUTO_INCREMENT for table `user_roles`
--
ALTER TABLE `user_roles`
  MODIFY `id` int(10) UNSIGNED NOT NULL AUTO_INCREMENT;

--
-- Constraints for dumped tables
--

--
-- Constraints for table `inventories`
--
ALTER TABLE `inventories`
  ADD CONSTRAINT `inventories_item_id_foreign` FOREIGN KEY (`item_id`) REFERENCES `items` (`id`) ON DELETE CASCADE ON UPDATE CASCADE,
  ADD CONSTRAINT `inventories_user_id_foreign` FOREIGN KEY (`user_id`) REFERENCES `users` (`id`) ON DELETE CASCADE ON UPDATE CASCADE;

--
-- Constraints for table `item_kit_items`
--
ALTER TABLE `item_kit_items`
  ADD CONSTRAINT `item_kit_items_item_id_foreign` FOREIGN KEY (`item_id`) REFERENCES `items` (`id`),
  ADD CONSTRAINT `item_kit_items_item_kit_id_foreign` FOREIGN KEY (`item_kit_id`) REFERENCES `items` (`id`);

--
-- Constraints for table `item_kit_item_temps`
--
ALTER TABLE `item_kit_item_temps`
  ADD CONSTRAINT `item_kit_item_temps_item_id_foreign` FOREIGN KEY (`item_id`) REFERENCES `items` (`id`);

--
-- Constraints for table `receivings`
--
ALTER TABLE `receivings`
  ADD CONSTRAINT `receivings_supplier_id_foreign` FOREIGN KEY (`supplier_id`) REFERENCES `suppliers` (`id`),
  ADD CONSTRAINT `receivings_user_id_foreign` FOREIGN KEY (`user_id`) REFERENCES `users` (`id`);

--
-- Constraints for table `receiving_items`
--
ALTER TABLE `receiving_items`
  ADD CONSTRAINT `receiving_items_item_id_foreign` FOREIGN KEY (`item_id`) REFERENCES `items` (`id`),
  ADD CONSTRAINT `receiving_items_receiving_id_foreign` FOREIGN KEY (`receiving_id`) REFERENCES `receivings` (`id`);

--
-- Constraints for table `receiving_temps`
--
ALTER TABLE `receiving_temps`
  ADD CONSTRAINT `receiving_temps_item_id_foreign` FOREIGN KEY (`item_id`) REFERENCES `items` (`id`);

--
-- Constraints for table `sales`
--
ALTER TABLE `sales`
  ADD CONSTRAINT `sales_customer_id_foreign` FOREIGN KEY (`customer_id`) REFERENCES `customers` (`id`),
  ADD CONSTRAINT `sales_user_id_foreign` FOREIGN KEY (`user_id`) REFERENCES `users` (`id`);

--
-- Constraints for table `sale_items`
--
ALTER TABLE `sale_items`
  ADD CONSTRAINT `sale_items_item_id_foreign` FOREIGN KEY (`item_id`) REFERENCES `items` (`id`),
  ADD CONSTRAINT `sale_items_sale_id_foreign` FOREIGN KEY (`sale_id`) REFERENCES `sales` (`id`);

--
-- Constraints for table `sale_temps`
--
ALTER TABLE `sale_temps`
  ADD CONSTRAINT `sale_temps_item_id_foreign` FOREIGN KEY (`item_id`) REFERENCES `items` (`id`);
COMMIT;

/*!40101 SET CHARACTER_SET_CLIENT=@OLD_CHARACTER_SET_CLIENT */;
/*!40101 SET CHARACTER_SET_RESULTS=@OLD_CHARACTER_SET_RESULTS */;
/*!40101 SET COLLATION_CONNECTION=@OLD_COLLATION_CONNECTION */;
